,Census year,Block ID,Property ID,Base property ID,Building name,Street address,CLUE small area,Construction year,Refurbished year,Number of floors (above ground),Predominant space use,Accessibility type,Accessibility type description,Accessibility rating,Bicycle spaces,Has showers,x,y,January_Popular_Score,February_Popular_Score,March_Popular_Score,April_Popular_Score,May_Popular_Score,June_Popular_Score,July_Popular_Score,August_Popular_Score,September_Popular_Score,October_Popular_Score,November_Popular_Score,December_Popular_Score
0,2019,618,109993,109993,Pullman On The Park,178-226 Wellington Parade EAST MELBOURNE 3002,East Melbourne,1967.0,2018.0,20.0,Commercial Accommodation,High level of accessibility,Main Entrance is at grade and has no steps or ramp,3.0,37.0,True,144.9835,-37.81582,81.715,93.897,98.955,86.32,102.456,85.512,98.449,101.108,92.682,83.045,93.877,83.189
1,2019,265,101580,101580,,53 Cardigan Street CARLTON 3053,Carlton,1896.0,,2.0,Commercial Accommodation,Low level of accessibility,All entrances have steps,1.0,0.0,,144.96427,-37.80548,79.889,130.14,200.264,191.947,98.041,82.331,119.425,135.745,120.774,137.052,124.376,115.621
2,2019,614,107647,107647,,177-181 Powlett Street EAST MELBOURNE 3002,East Melbourne,1968.0,,3.0,Commercial Accommodation,Low level of accessibility,All entrances have steps,1.0,0.0,,144.98573,-37.81087,67.385,77.45,81.617,71.15,84.531,70.551,81.193,83.335,76.471,68.641,77.48,68.652
3,2019,606,104234,104234,Georgian Court,21-27 George Street EAST MELBOURNE 3002,East Melbourne,,,2.0,Commercial Accommodation,Low level of accessibility,All entrances have steps,1.0,0.0,False,144.98936,-37.81603,53.194,61.132,64.423,56.179,66.713,55.679,64.091,65.802,60.356,54.146,61.141,54.178
4,2019,15,104009,104009,Double Tree by Hilton,270-272 Flinders Street MELBOURNE 3000,Melbourne (CBD),1977.0,2002.0,15.0,Commercial Accommodation,High level of accessibility,Main Entrance is at grade and has no steps or ramp,3.0,0.0,,144.96535,-37.81769,0.0,0.0,0.0,706.681,497.214,887.707,1016.836,1364.967,732.163,0.0,0.0,0.0
5,2019,606,104835,104835,Millhayes Apartments,1085 Hoddle Street EAST MELBOURNE 3002,East Melbourne,,,2.0,Commercial Accommodation,Low level of accessibility,All entrances have steps,1.0,0.0,,144.98996,-37.81619,51.248,58.897,62.067,54.124,64.274,53.643,61.747,63.395,58.149,52.17,58.906,52.198
6,2019,601,108767,108767,,158-174 Simpson Street EAST MELBOURNE 3002,East Melbourne,1939.0,2002.0,3.0,Commercial Accommodation,Low level of accessibility,All entrances have steps,1.0,0.0,,144.98914,-37.81066,53.546,61.545,64.855,56.539,67.171,56.061,64.518,66.222,60.769,54.558,61.568,54.554
7,2019,243,109327,109327,Rydges On Swanston - Melbourne,701-713 Swanston Street CARLTON 3053,Carlton,1968.0,1998.0,6.0,Commercial Accommodation,Low level of accessibility,All entrances have steps,1.0,0.0,,144.96338,-37.80142,102.89,127.76,205.581,172.359,186.17,117.71,125.69,192.995,167.281,171.234,131.573,98.224
8,2019,248,102758,102758,Denver Terrace,190 Drummond Street CARLTON 3053,Carlton,,,3.0,Commercial Accommodation,Low level of accessibility,All entrances have steps,1.0,0.0,,144.96863,-37.802,102.381,126.072,206.38,155.363,164.855,98.169,118.764,179.984,147.031,146.85,127.726,106.281
9,2019,252,111437,111437,Quest Carlton On Finlay,2-20 Finlay Place CARLTON 3053,Carlton,2002.0,,6.0,Commercial Accommodation,High level of accessibility,Main Entrance is at grade and has no steps or ramp,3.0,0.0,,144.96702,-37.80392,50.019,59.655,99.066,83.773,96.167,57.354,60.399,82.576,77.653,79.372,66.248,46.807
10,2019,2384,616747,616747,,171-173 Melrose Street NORTH MELBOURNE 3051,North Melbourne,2013.0,,3.0,Commercial Accommodation,Moderate level of accessibility,Entrance(s) have limited access via a small lip or a steep ramp,2.0,0.0,,144.94231,-37.79074,8.666,10.33,17.293,14.646,17.59,9.973,10.739,14.07,13.475,13.652,11.264,7.706
11,2019,215,103144,103144,,138-144 Elgin Street CARLTON 3053,Carlton,2010.0,,3.0,Commercial Accommodation,High level of accessibility,Main Entrance is at grade and has no steps or ramp,3.0,0.0,,144.96981,-37.79715,96.362,92.198,113.893,99.588,106.525,86.447,87.709,103.426,94.31,101.584,95.51,91.182
12,2019,36,105916,105916,Victoria Hotel,201-207 Little Collins Street MELBOURNE 3000,Melbourne (CBD),1928.0,1969.0,10.0,Commercial Accommodation,Low level of accessibility,All entrances have steps,1.0,0.0,True,144.96753,-37.81434,1073.983,983.571,1087.209,1086.82,1006.987,979.378,1083.853,1038.22,1016.583,837.1,1142.317,1377.539
13,2019,34,110669,110669,,353-359 Little Collins Street MELBOURNE 3000,Melbourne (CBD),1983.0,2008.0,10.0,Commercial Accommodation,High level of accessibility,Main Entrance is at grade and has no steps or ramp,3.0,0.0,,144.963,-37.8157,1099.131,1024.944,1172.947,1197.784,1064.791,1014.479,1106.081,1114.078,1030.774,1064.653,1147.875,1343.164
14,2019,14,104006,104006,Rendezvous Hotel Melbourne,318-332 Flinders Street MELBOURNE 3000,Melbourne (CBD),1913.0,1997.0,10.0,Commercial Accommodation,Moderate level of accessibility,Main entrance has steps; Alternative entrance is step free or has ramp,2.0,4.0,True,144.96358,-37.81819,1532.67,1230.8,1354.284,1201.778,997.609,865.562,949.961,930.661,901.347,1069.887,942.258,1158.768
15,2019,646,106793,106793,,20-22 Morrison Place EAST MELBOURNE 3002,East Melbourne,1970.0,2000.0,2.0,Commercial Accommodation,High level of accessibility,Main Entrance is at grade and has no steps or ramp,3.0,0.0,True,144.97687,-37.80899,81.97,88.697,95.981,85.903,99.298,83.865,96.737,99.347,62.674,0.0,0.0,0.0
16,2019,248,102750,102750,Derby Terrace,206 Drummond Street CARLTON 3053,Carlton,1870.0,,2.0,Commercial Accommodation,Low level of accessibility,All entrances have steps,1.0,0.0,,144.96876,-37.80157,104.923,129.033,210.925,158.903,168.664,100.751,121.68,184.105,150.461,150.313,130.754,109.141
17,2019,248,102755,102755,Carlton Terrace,196 Drummond Street CARLTON 3053,Carlton,1890.0,,2.0,Commercial Accommodation,Low level of accessibility,All entrances have steps,1.0,0.0,True,144.96865,-37.80184,103.82,127.825,209.193,157.498,167.15,99.598,120.438,182.481,149.078,148.894,129.491,107.837
18,2019,248,102745,102745,Jersey House,216 Drummond Street CARLTON 3053,Carlton,1901.0,,2.0,Commercial Accommodation,Low level of accessibility,All entrances have steps,1.0,0.0,,144.96864,-37.80132,109.858,134.988,220.466,166.163,176.385,105.539,127.352,192.504,157.372,157.247,136.808,114.367
19,2019,45,101143,101143,Deva House,327-329 Bourke Street MELBOURNE 3000,Melbourne (CBD),1924.0,1997.0,9.0,Commercial Accommodation,High level of accessibility,Main Entrance is at grade and has no steps or ramp,3.0,0.0,,144.96416,-37.81432,1684.326,1343.247,1548.347,1591.036,1583.091,1685.443,1820.94,1852.548,1718.224,1845.765,1891.208,2185.594
20,2019,247,102657,102657,,169 Drummond Street CARLTON 3053,Carlton,1870.0,,2.0,Commercial Accommodation,Low level of accessibility,All entrances have steps,1.0,0.0,,144.9677,-37.80241,80.155,102.585,169.873,137.275,147.564,89.319,99.414,157.413,132.678,134.193,104.129,77.718
21,2019,16,103932,103932,Flinders Landing Apartments,161-163 Flinders Lane MELBOURNE 3000,Melbourne (CBD),1909.0,1998.0,7.0,Commercial Accommodation,Low level of accessibility,All entrances have steps,1.0,0.0,,144.96908,-37.81604,927.811,875.589,1004.148,1027.654,910.266,866.439,942.754,940.852,874.571,1025.347,1007.724,1214.27
22,2019,14,103172,103172,,31-39 Elizabeth Street MELBOURNE 3000,Melbourne (CBD),1966.0,1990.0,13.0,Commercial Accommodation,Not determined or not applicable,Configuration of entrance does not fit into any of the other categories,0.0,0.0,True,144.96433,-37.81742,0.0,0.0,0.0,0.0,0.0,0.0,0.0,0.0,0.0,1327.267,1469.875,1868.234
23,2019,217,103106,103106,,187 Elgin Street CARLTON 3053,Carlton,1870.0,,2.0,Commercial Accommodation,Low level of accessibility,All entrances have steps,1.0,0.0,,144.96826,-37.79747,80.285,111.479,206.469,151.114,172.287,87.381,106.993,184.533,141.487,135.172,107.452,78.313
24,2019,265,101578,101578,,51 Cardigan Street CARLTON 3053,Carlton,1896.0,2012.0,2.0,Commercial Accommodation,Low level of accessibility,All entrances have steps,1.0,0.0,,144.96425,-37.80553,78.635,130.072,201.057,192.79,97.37,81.5,119.074,135.667,120.525,136.79,123.77,114.942
25,2019,84,108091,108091,,310-314 Queen Street MELBOURNE 3000,Melbourne (CBD),1955.0,1983.0,2.0,Commercial Accommodation,Low level of accessibility,All entrances have steps,1.0,0.0,,144.95947,-37.81136,453.925,463.208,509.051,482.092,487.114,440.603,487.015,506.597,483.894,576.476,565.64,564.683
26,2019,617,102010,102010,,68-70 Clarendon Street EAST MELBOURNE 3002,East Melbourne,,,2.0,Commercial Accommodation,Low level of accessibility,All entrances have steps,1.0,0.0,,144.98329,-37.8143,86.152,99.001,104.334,90.994,108.035,90.169,103.797,106.582,97.724,87.585,98.995,87.721
27,2019,36,105917,105917,The Victoria Hotel,209-221 Little Collins Street MELBOURNE 3000,Melbourne (CBD),1934.0,2003.0,9.0,Commercial Accommodation,High level of accessibility,Main Entrance is at grade and has no steps or ramp,3.0,0.0,True,144.96708,-37.81446,1056.165,977.951,1091.217,1097.95,1045.036,1011.202,1124.537,1104.198,1055.014,1078.948,1182.237,1412.163
28,2019,46,108537,108537,,131-141 Russell Street MELBOURNE 3000,Melbourne (CBD),2015.0,,12.0,Commercial Accommodation,High level of accessibility,Main Entrance has ramp,3.0,6.0,False,144.96784,-37.81343,438.664,442.487,469.948,493.549,466.701,501.475,543.383,587.686,567.637,610.691,464.27,545.654
29,2019,655,105121,105121,Mantra In Jolimont,133-143 Jolimont Road EAST MELBOURNE 3002,East Melbourne,,,9.0,Commercial Accommodation,Low level of accessibility,All entrances have steps,1.0,0.0,True,144.97828,-37.81795,143.919,135.363,146.12,144.873,172.019,145.31,171.543,193.064,155.528,69.871,178.492,147.788
30,2019,256,109323,109323,,607-621 Swanston Street CARLTON 3053,Carlton,2013.0,,9.0,Commercial Accommodation,High level of accessibility,Main Entrance is at grade and has no steps or ramp,3.0,18.0,,144.96296,-37.80404,0.0,0.0,0.0,0.0,0.0,0.0,294.386,398.964,327.188,358.627,259.102,208.916
31,2019,64,106911,106911,,15-17 Niagara Lane MELBOURNE 3000,Melbourne (CBD),1920.0,1997.0,4.0,Commercial Accommodation,High level of accessibility,Main Entrance is at grade and has no steps or ramp,3.0,0.0,,144.9614,-37.81325,920.522,922.938,1046.988,1028.215,1005.755,972.179,948.957,913.667,976.44,1062.562,1060.574,1208.367
32,2019,64,105871,105871,Chart House,372-378 Little Bourke Street MELBOURNE 3000,Melbourne (CBD),1942.0,2007.0,6.0,Commercial Accommodation,High level of accessibility,Main Entrance is at grade and has no steps or ramp,3.0,0.0,,144.96148,-37.81342,914.41,917.287,1041.224,1023.863,1001.027,968.282,942.106,904.952,971.259,1057.31,1056.586,1204.434
33,2019,35,102143,102143,St. Collins Lane,258-274 Collins Street MELBOURNE 3000,Melbourne (CBD),1992.0,2016.0,13.0,Commercial Accommodation,High level of accessibility,Main Entrance is at grade and has no steps or ramp,3.0,0.0,,144.96489,-37.81538,1278.681,900.174,994.504,983.832,1124.094,1245.996,1390.825,1328.184,1299.34,1094.383,1473.925,1793.723
34,2019,214,102689,102689,,371-379 Drummond Street CARLTON 3053,Carlton,1970.0,2000.0,3.0,Commercial Accommodation,Low level of accessibility,All entrances have steps,1.0,0.0,,144.96882,-37.79682,66.527,93.283,173.927,126.897,144.889,72.639,89.321,155.295,118.755,113.196,89.616,64.622
35,2019,15,104011,104011,,250-254 Flinders Street MELBOURNE 3000,Melbourne (CBD),1910.0,2000.0,4.0,Commercial Accommodation,High level of accessibility,Main Entrance is at grade and has no steps or ramp,3.0,0.0,,144.966,-37.81752,1399.846,1418.076,1489.542,1569.848,1613.904,1622.734,1787.861,1941.686,1654.398,1587.305,1524.173,1636.688
36,2019,25,110857,110857,The Collins,233-239 Collins Street MELBOURNE 3000,Melbourne (CBD),1959.0,2001.0,13.0,Commercial Accommodation,High level of accessibility,Main Entrance has ramp,3.0,0.0,True,144.9661,-37.816,2078.814,1945.765,2242.863,2304.7,2023.61,1928.472,2091.479,2136.969,1949.553,2694.848,2835.141,3384.834
37,2019,247,106236,106236,Carlton Lygon Lodge,220-228 Lygon Street CARLTON 3053,Carlton,1971.0,2009.0,5.0,Commercial Accommodation,High level of accessibility,Main Entrance is at grade and has no steps or ramp,3.0,0.0,,144.96719,-37.80192,162.585,158.139,199.138,173.68,174.924,151.366,161.457,182.728,166.613,180.226,174.416,177.133
38,2019,35,105922,105922,Presgrave Building,273-279 Little Collins Street MELBOURNE 3000,Melbourne (CBD),1938.0,2000.0,7.0,Commercial Accommodation,Not determined or not applicable,Configuration of entrance does not fit into any of the other categories,0.0,0.0,,144.96537,-37.8149,1776.856,1294.044,1429.648,1414.306,1544.552,1758.065,1966.822,1875.257,1839.561,1543.855,2085.786,2540.779
39,2019,55,109284,109284,Hotel Swanston,191-205 Swanston Street MELBOURNE 3000,Melbourne (CBD),1989.0,2000.0,16.0,Commercial Accommodation,High level of accessibility,Main Entrance is at grade and has no steps or ramp,3.0,0.0,,144.96501,-37.8131,1013.798,0.0,0.0,0.0,704.684,1478.976,1592.175,1617.439,1507.438,1576.319,1661.317,1881.933
40,2019,14,103947,103947,The Sebel Melbourne,317-323 Flinders Lane MELBOURNE 3000,Melbourne (CBD),1923.0,1995.0,12.0,Commercial Accommodation,High level of accessibility,Main Entrance is at grade and has no steps or ramp,3.0,0.0,True,144.96375,-37.81774,449.268,483.292,455.079,492.322,512.274,464.29,510.249,521.045,414.287,533.785,415.284,442.575
41,2019,610,104359,104359,,58-64 Gipps Street EAST MELBOURNE 3002,East Melbourne,,,3.0,Commercial Accommodation,Low level of accessibility,All entrances have steps,1.0,0.0,,144.98758,-37.8129,60.751,69.822,73.579,64.154,76.2,63.597,73.198,75.142,68.935,61.855,69.838,61.884
42,2019,255,108033,108033,,140 Queensberry Street CARLTON 3053,Carlton,1880.0,,2.0,Commercial Accommodation,Low level of accessibility,All entrances have steps,1.0,0.0,,144.96424,-37.80444,149.426,140.084,162.83,145.049,147.282,126.938,129.243,138.884,137.708,152.456,149.605,143.507
43,2019,25,103965,103965,Invicta House,226-232 Flinders Lane MELBOURNE 3000,Melbourne (CBD),1945.0,2000.0,7.0,Commercial Accommodation,Low level of accessibility,All entrances have steps,1.0,0.0,,144.96639,-37.81641,1767.177,1658.131,1900.724,1947.284,1735.791,1651.941,1799.715,1829.715,1680.517,2101.931,2185.848,2588.783
44,2019,219,104480,104480,,32 Grattan Street CARLTON 3053,Carlton,,,2.0,Commercial Accommodation,Not determined or not applicable,Building is not considered to be publicly accessible so access has not been rated,0.0,,,144.96865,-37.8007,117.164,142.898,231.831,175.385,186.034,112.693,135.304,202.844,166.245,166.444,145.203,122.485
45,2019,612,100373,100373,Eastern Town House,84-90 Albert Street EAST MELBOURNE 3002,East Melbourne,1981.0,1999.0,4.0,Commercial Accommodation,High level of accessibility,Main Entrance is at grade and has no steps or ramp,3.0,0.0,,144.98818,-37.81047,56.562,65.012,68.509,59.723,70.955,59.22,68.152,69.951,64.192,57.631,65.037,57.628
46,2019,656,109989,109989,Quest Jolimont,153-155 Wellington Parade South EAST MELBOURNE 3002,East Melbourne,,,7.0,Commercial Accommodation,Low level of accessibility,All entrances have steps,1.0,0.0,,144.97957,-37.81676,115.606,132.796,139.961,122.194,144.856,120.902,139.263,143.135,131.03,117.178,132.657,117.569
47,2019,15,103943,103943,The Lane Building,267-275 Flinders Lane MELBOURNE 3000,Melbourne (CBD),1899.0,1997.0,6.0,Commercial Accommodation,Low level of accessibility,All entrances have steps,1.0,0.0,True,144.96548,-37.81711,748.003,711.647,790.259,1029.082,936.632,1023.05,1150.517,1257.365,1009.461,845.665,854.899,1015.464
48,2019,74,106019,106019,,399-401 Little Lonsdale Street MELBOURNE 3000,Melbourne (CBD),2018.0,,38.0,Commercial Accommodation,High level of accessibility,Main Entrance is at grade and has no steps or ramp,3.0,44.0,True,144.96014,-37.81205,0.0,0.0,0.0,0.0,0.0,0.0,0.0,0.0,0.0,1022.485,959.354,941.637
49,2019,26,109418,109418,The Westin Melbourne,199-209 Collins Street MELBOURNE 3000,Melbourne (CBD),2000.0,,16.0,Commercial Accommodation,Not determined or not applicable,Configuration of entrance does not fit into any of the other categories,0.0,22.0,True,144.96743,-37.81581,1128.316,1067.12,1201.311,1218.562,1140.558,1080.843,1194.309,1195.457,1121.22,1368.382,1408.556,1679.88
50,2019,218,102674,102674,Travel Inn Hotel,225-245 Drummond Street CARLTON 3053,Carlton,1972.0,2008.0,3.0,Commercial Accommodation,Low level of accessibility,All entrances have steps,1.0,0.0,,144.96808,-37.80045,115.6,146.671,246.865,183.32,194.749,110.346,136.658,213.631,172.718,171.226,147.572,118.062
51,2019,55,105840,105840,Welcome Hotel,265-279 Little Bourke Street MELBOURNE 3000,Melbourne (CBD),1990.0,2002.0,13.0,Commercial Accommodation,High level of accessibility,Main Entrance is at grade and has no steps or ramp,3.0,0.0,,144.96466,-37.8129,932.229,0.0,0.0,0.0,641.441,1253.988,1388.001,1388.776,1320.024,1298.825,1449.322,1687.327
52,2019,16,103938,103938,ADELPHI HOTEL,187 Flinders Lane MELBOURNE 3000,Melbourne (CBD),1938.0,1993.0,10.0,Commercial Accommodation,Low level of accessibility,All entrances have steps,1.0,0.0,,144.96838,-37.81636,709.08,670.783,754.718,822.82,757.846,751.973,834.152,862.854,765.115,771.917,784.222,923.771
53,2019,65,105875,105875,,318-322 Little Bourke Street MELBOURNE 3000,Melbourne (CBD),1932.0,2002.0,6.0,Commercial Accommodation,Low level of accessibility,All entrances have steps,1.0,0.0,,144.96313,-37.81293,1439.918,1446.561,1644.845,1623.302,1584.953,1536.136,1480.996,1413.072,1535.199,1673.016,1677.589,1914.938
54,2019,36,102149,102149,Clyde House,182 Collins Street MELBOURNE 3000,Melbourne (CBD),1915.0,2000.0,9.0,Commercial Accommodation,High level of accessibility,Main Entrance is at grade and has no steps or ramp,3.0,0.0,,144.96744,-37.81478,0.0,0.0,0.0,739.777,610.622,970.603,1104.318,1388.868,858.331,0.0,0.0,0.0
55,2019,607,104244,104244,Knights Bridge Apartments,101-103 George Street EAST MELBOURNE 3002,East Melbourne,1980.0,2000.0,3.0,Commercial Accommodation,Low level of accessibility,All entrances have steps,1.0,0.0,,144.98696,-37.81566,62.426,71.74,75.602,65.933,78.287,65.339,75.213,77.227,70.824,63.516,71.744,63.574
56,2019,614,100333,100333,Albert Heights,83-91 Albert Street EAST MELBOURNE 3002,East Melbourne,1962.0,,3.0,Commercial Accommodation,High level of accessibility,Main Entrance has ramp,3.0,0.0,,144.98522,-37.81095,70.173,80.655,84.994,74.093,88.029,73.47,84.552,86.783,79.634,71.477,80.685,71.492
57,2019,601,109604,109604,St Johns Catholic Church,576-594 Victoria Parade EAST MELBOURNE 3002,East Melbourne,,2012.0,4.0,Commercial Accommodation,Not determined or not applicable,Configuration of entrance does not fit into any of the other categories,0.0,0.0,True,144.99056,-37.81058,49.318,56.685,59.734,52.075,61.867,51.634,59.424,60.993,55.972,50.254,56.708,50.248
58,2019,224,103162,103162,,60 Elgin Street CARLTON 3053,Carlton,1870.0,,2.0,Commercial Accommodation,Low level of accessibility,All entrances have steps,1.0,0.0,True,144.97257,-37.79745,31.42,41.154,83.434,66.725,89.113,46.937,48.448,85.501,60.77,55.988,38.32,25.108
59,2019,223,103076,103076,,75-77 Elgin Street CARLTON 3053,Carlton,1862.0,1999.0,2.0,Commercial Accommodation,Low level of accessibility,All entrances have steps,1.0,0.0,,144.97206,-37.79788,33.822,44.216,89.497,71.592,95.558,50.4,52.016,91.691,65.214,60.114,41.202,27.077
60,2019,25,109266,109266,City Square Motel,67-73 Swanston Street MELBOURNE 3000,Melbourne (CBD),1954.0,,8.0,Commercial Accommodation,High level of accessibility,Main Entrance is at grade and has no steps or ramp,3.0,0.0,,144.96649,-37.81603,2265.764,2125.589,2437.521,2497.757,2224.127,2116.887,2305.527,2344.77,2152.569,2517.337,2600.221,3053.973
61,2019,131,108844,108844,Crowne Plaza,1-5 Spencer Street DOCKLANDS 3008,Docklands,1989.0,2004.0,12.0,Commercial Accommodation,High level of accessibility,Main Entrance is at grade and has no steps or ramp,3.0,15.0,True,144.95501,-37.82267,411.977,473.881,478.21,431.696,534.08,436.952,506.781,506.305,453.914,533.678,464.022,404.852
62,2019,616,107632,107632,Magnolia Court Boutique Hotel,95-101 Powlett Street EAST MELBOURNE 3002,East Melbourne,1963.0,,3.0,Commercial Accommodation,Low level of accessibility,All entrances have steps,1.0,0.0,,144.9853,-37.81337,72.23,83.01,87.479,76.279,90.591,75.608,87.026,89.345,81.95,73.502,83.022,73.566
63,2019,66,108547,108547,Exford Hotel,199-203 Russell Street MELBOURNE 3000,Melbourne (CBD),1913.0,1994.0,4.0,Commercial Accommodation,Low level of accessibility,All entrances have steps,1.0,0.0,,144.96734,-37.81179,908.467,954.611,1088.027,1116.67,1004.302,985.284,954.355,981.236,881.505,936.154,1003.441,1032.195
64,2019,34,103176,103176,,97-103 Elizabeth Street MELBOURNE 3000,Melbourne (CBD),1911.0,1988.0,8.0,Commercial Accommodation,High level of accessibility,Main Entrance is at grade and has no steps or ramp,3.0,0.0,,144.9635,-37.81592,0.0,893.836,1625.538,1609.278,1580.001,1480.073,1606.88,1615.644,1505.772,1619.592,1572.229,1648.643
65,2019,212,627568,627568,The Residences,494-516 Drummond Street CARLTON 3053,Carlton,2017.0,,9.0,Commercial Accommodation,High level of accessibility,Main Entrance is at grade and has no steps or ramp,3.0,0.0,,144.97002,-37.79358,40.467,57.266,107.352,78.058,89.136,44.205,54.643,95.677,73.032,69.487,54.859,39.197
66,2019,248,102757,102757,Denver Terrace,192 Drummond Street CARLTON 3053,Carlton,,,3.0,Commercial Accommodation,Low level of accessibility,All entrances have steps,1.0,0.0,,144.96863,-37.80195,102.936,126.754,207.484,156.197,165.749,98.715,119.41,180.958,147.828,147.644,128.411,106.873
67,2019,612,100372,100372,City Edge Serviced Apartments,92-98 Albert Street EAST MELBOURNE 3002,East Melbourne,,,3.0,Commercial Accommodation,Low level of accessibility,All entrances have steps,1.0,0.0,,144.98789,-37.81052,57.662,66.275,69.84,60.884,72.335,60.371,69.477,71.311,65.44,58.75,66.301,58.748
68,2019,217,511123,511123,,181 Elgin Street CARLTON 3053,Carlton,1876.0,,2.0,Commercial Accommodation,Low level of accessibility,All entrances have steps,1.0,0.0,,144.96845,-37.79752,117.253,112.642,140.62,122.79,132.089,106.284,107.903,128.324,116.207,124.754,116.693,111.146
69,2019,221,100766,100766,,139 Barkly Street CARLTON 3053,Carlton,1890.0,,2.0,Commercial Accommodation,Low level of accessibility,All entrances have steps,1.0,,,144.97117,-37.80048,68.52,86.353,144.64,107.74,114.251,65.325,80.696,125.264,101.486,100.808,87.173,70.086
70,2019,219,108182,108182,,303-305 Rathdowne Street CARLTON 3053,Carlton,1864.0,,2.0,Commercial Accommodation,Low level of accessibility,All entrances have steps,1.0,0.0,,144.96986,-37.79958,57.024,67.561,126.499,102.871,132.0,74.849,77.628,127.645,94.219,89.554,66.748,49.775
71,2019,606,110013,110013,The Makin,48-54 Wellington Parade EAST MELBOURNE 3002,East Melbourne,1950.0,,3.0,Commercial Accommodation,Moderate level of accessibility,Main entrance has steps; Alternative entrance is step free or has ramp,2.0,0.0,,144.98858,-37.81644,55.384,63.648,67.074,58.494,69.457,57.97,66.729,68.514,62.837,56.365,63.654,56.406
72,2019,1103,599505,573403,Quest Docklands,744-770 Bourke Street DOCKLANDS 3008,Docklands,2005.0,,6.0,Commercial Accommodation,High level of accessibility,Main Entrance is at grade and has no steps or ramp,3.0,0.0,True,144.94736,-37.81814,185.926,215.855,218.767,198.51,226.635,201.878,234.481,232.058,196.285,170.656,194.698,172.412
73,2019,71,105318,105318,Hotel Sophia,277-287 King Street MELBOURNE 3000,Melbourne (CBD),1955.0,2012.0,7.0,Commercial Accommodation,Moderate level of accessibility,Main entrance has steps; Alternative entrance is step free or has ramp,2.0,0.0,,144.9542,-37.81368,223.905,249.384,270.847,237.122,270.089,235.78,273.98,274.609,243.519,277.023,261.307,233.736
74,2019,904,556742,556742,Vibe Hotel,419-443 Royal Parade PARKVILLE 3052,Parkville,1960.0,,4.0,Commercial Accommodation,High level of accessibility,Main Entrance is at grade and has no steps or ramp,3.0,0.0,True,144.95882,-37.7829,22.414,28.629,48.607,36.197,39.21,22.287,27.096,42.7,34.228,33.724,28.593,23.173
75,2019,87,103631,103631,Fraser Place Melbourne,17-19 Exploration Lane MELBOURNE 3000,Melbourne (CBD),2009.0,,14.0,Commercial Accommodation,High level of accessibility,Main Entrance is at grade and has no steps or ramp,3.0,4.0,True,144.96808,-37.80895,212.27,239.599,287.384,271.348,308.163,256.015,272.962,312.4,274.671,295.131,256.007,258.721
76,2019,441,108856,108856,Hotel Spencer,475-477 Spencer Street WEST MELBOURNE 3003,West Melbourne (Residential),1916.0,,4.0,Commercial Accommodation,Low level of accessibility,All entrances have steps,1.0,0.0,True,144.94925,-37.80957,160.587,166.768,183.779,173.409,187.222,169.887,185.661,186.084,165.564,187.533,177.739,163.818
77,2019,804,692410,110484,Novotel Melbourne South Wharf Hotel,Novotel Melbourne South Wharf Hotel 7 Convention Centre Place SOUTH WHARF VIC 3006,Southbank,2018.0,,28.0,Commercial Accommodation,High level of accessibility,Main Entrance is at grade and has no steps or ramp,3.0,0.0,True,144.9523,-37.82539,146.301,163.623,170.046,151.512,181.205,155.834,173.284,171.032,157.455,190.33,167.534,151.388
78,2019,32,102118,102118,Collins Street Tower,480-490 Collins Street MELBOURNE 3000,Melbourne (CBD),1966.0,2005.0,21.0,Commercial Accommodation,Moderate level of accessibility,Main entrance has steps; Alternative entrance is step free or has ramp,2.0,0.0,True,144.95797,-37.81764,430.525,453.052,497.366,462.331,511.374,456.617,507.263,506.904,455.27,514.774,486.161,442.627
79,2019,103,100160,100160,Nomads Melbourne,196-200 A'Beckett Street MELBOURNE 3000,Melbourne (CBD),1967.0,2005.0,6.0,Commercial Accommodation,Moderate level of accessibility,Main entrance has steps; Alternative entrance is step free or has ramp,2.0,0.0,,144.95744,-37.80999,85.197,79.607,90.597,88.325,82.299,89.431,101.868,97.337,65.88,233.567,249.391,238.45
80,2019,362,109843,109843,National Hotel,232-238 Victoria Street MELBOURNE 3000,North Melbourne,,,4.0,Commercial Accommodation,Low level of accessibility,All entrances have steps,1.0,0.0,,144.95859,-37.80593,139.651,147.793,169.928,155.0,145.977,133.454,145.971,155.998,137.497,154.785,145.832,145.9
81,2019,11,103984,103984,Nomads All Nations Backpacker Hotel,566-580 Flinders Street MELBOURNE 3000,Melbourne (CBD),1913.0,2000.0,4.0,Commercial Accommodation,Low level of accessibility,All entrances have steps,1.0,0.0,,144.95534,-37.82071,456.798,518.761,519.061,472.825,578.771,431.809,500.92,503.02,358.483,654.735,515.142,493.344
82,2019,736,680222,559332,East Tower,42 Balston Street SOUTHBANK VIC 3006,Southbank,2017.0,,38.0,Commercial Accommodation,High level of accessibility,Main Entrance is at grade and has no steps or ramp,3.0,162.0,True,144.96249,-37.82673,394.643,305.4,361.502,429.825,298.17,290.469,334.872,316.964,301.552,323.828,308.206,314.637
83,2019,33,102131,110666,,394 Collins Street MELBOURNE 3000,Melbourne (CBD),1876.0,2008.0,9.0,Commercial Accommodation,Moderate level of accessibility,Main entrance has steps; Alternative entrance is step free or has ramp,2.0,0.0,True,144.96108,-37.81662,290.116,373.889,376.69,403.9,413.026,376.854,416.163,422.131,347.349,431.354,354.937,383.7
84,2019,366,105028,105028,YHA Melbourne Metro,76-86 Howard Street NORTH MELBOURNE 3051,North Melbourne,1960.0,,4.0,Commercial Accommodation,High level of accessibility,Main Entrance has ramp,3.0,2.0,,144.9545,-37.80305,57.702,55.732,67.208,63.639,62.165,60.858,68.587,67.941,50.07,51.505,66.029,62.339
85,2019,103,110139,110139,Radisson on Flagstaff Gardens Hotel,370-384 William Street MELBOURNE 3000,Melbourne (CBD),1974.0,1997.0,12.0,Commercial Accommodation,High level of accessibility,Main Entrance has ramp,3.0,0.0,,144.95612,-37.81032,0.0,0.0,0.0,0.0,0.0,0.0,0.0,0.0,0.0,451.004,421.925,397.106
86,2019,103,621413,621413,Pegasus Apartment Hotel,206-216 A'Beckett Street MELBOURNE 3000,Melbourne (CBD),2012.0,,25.0,Commercial Accommodation,Moderate level of accessibility,Main entrance has steps; Alternative entrance is step free or has ramp,2.0,72.0,,144.95708,-37.81006,79.76,74.527,84.816,82.688,77.047,83.724,95.367,91.125,61.676,214.878,229.98,219.938
87,2019,18,104033,104033,Hotel Lindrum,26-30 Flinders Street MELBOURNE 3000,Melbourne (CBD),1900.0,1999.0,5.0,Commercial Accommodation,Moderate level of accessibility,Main entrance has steps; Alternative entrance is step free or has ramp,2.0,0.0,,144.97359,-37.81529,395.406,452.384,477.586,417.174,494.445,413.063,475.574,488.053,437.11,371.605,428.808,379.365
88,2019,48,108983,108983,The Hotel  Windsor,103-137 Spring Street MELBOURNE 3000,Melbourne (CBD),1888.0,1984.0,5.0,Commercial Accommodation,Not determined or not applicable,Configuration of entrance does not fit into any of the other categories,0.0,0.0,True,144.97292,-37.81199,216.822,241.812,258.524,242.555,272.832,240.239,270.783,214.03,241.482,265.112,111.008,213.074
89,2019,353,101848,101848,Apartments on Chapman,76-78 Chapman Street NORTH MELBOURNE 3051,North Melbourne,,2011.0,3.0,Commercial Accommodation,High level of accessibility,Main Entrance has ramp,3.0,0.0,,144.9479,-37.79531,13.73,19.1,40.983,32.511,44.206,22.191,22.989,42.072,29.487,26.75,17.54,10.424
90,2019,801,570811,570811,Travelodge,Travelodge 9 Riverside Quay SOUTHBANK VIC 3006,Southbank,2002.0,,13.0,Commercial Accommodation,High level of accessibility,Main Entrance is at grade and has no steps or ramp,3.0,0.0,True,144.96524,-37.82133,1030.134,861.089,997.901,1176.477,893.676,876.45,1001.78,963.973,912.658,968.965,939.103,934.127
91,2019,68,105902,105902,City Limits Motel,20-22 Little Bourke Street MELBOURNE 3000,Melbourne (CBD),1978.0,2004.0,9.0,Commercial Accommodation,High level of accessibility,Main Entrance is at grade and has no steps or ramp,3.0,0.0,,144.97181,-37.81045,272.097,307.224,330.495,292.42,335.474,284.454,324.874,347.229,298.177,167.072,323.233,285.346
92,2019,812,110350,110350,Gallery Tower  Apartments,Gallery Tower 27-33 City Road SOUTHBANK VIC 3006,Southbank,2002.0,,19.0,Commercial Accommodation,High level of accessibility,Main Entrance is at grade and has no steps or ramp,3.0,16.0,True,144.96686,-37.82173,1062.974,1071.645,1107.909,765.459,909.923,857.507,944.878,965.708,929.649,1068.182,1029.043,1097.545
93,2019,51,105307,105307,,197-199 King Street MELBOURNE 3000,Melbourne (CBD),1926.0,1997.0,3.0,Commercial Accommodation,Low level of accessibility,All entrances have steps,1.0,0.0,,144.95503,-37.81558,331.002,455.865,489.037,394.851,414.888,409.505,531.956,554.733,350.865,373.456,389.342,294.206
94,2019,11,108972,108972,,10-22 Spencer Street MELBOURNE 3000,Melbourne (CBD),1890.0,2006.0,5.0,Commercial Accommodation,High level of accessibility,Main Entrance is at grade and has no steps or ramp,3.0,0.0,,144.95525,-37.82051,444.585,452.924,482.24,444.988,472.553,203.601,258.769,276.838,0.0,810.271,519.918,668.707
95,2019,753,110323,110380,Langham Hotel,Langham Hotel 1 Southgate Avenue SOUTHBANK VIC 3006,Southbank,1992.0,2001.0,20.0,Commercial Accommodation,High level of accessibility,Main Entrance is at grade and has no steps or ramp,3.0,0.0,True,144.9663,-37.82071,1005.413,1057.916,1028.759,0.0,334.467,477.757,573.214,593.581,572.664,661.964,671.255,625.955
96,2019,815,110387,110387,Bella hotel apartments,248-254 City Road SOUTHBANK VIC 3006,Southbank,2015.0,,34.0,Commercial Accommodation,High level of accessibility,Main Entrance is at grade and has no steps or ramp,3.0,0.0,False,144.95963,-37.82568,200.317,180.462,195.791,172.566,167.252,144.605,158.995,156.085,147.651,185.471,161.835,173.635
97,2019,47,101122,101122,Quest on Bourke,151-163 Bourke Street MELBOURNE 3000,Melbourne (CBD),1936.0,1999.0,7.0,Commercial Accommodation,High level of accessibility,Main Entrance has ramp,3.0,0.0,,144.96884,-37.81288,442.064,456.17,512.245,521.459,487.486,470.922,498.682,494.727,498.195,557.819,415.717,463.738
98,2019,37,105915,105915,Stamford Plaza Hotel,121-127 Little Collins Street MELBOURNE 3000,Melbourne (CBD),1990.0,2012.0,17.0,Commercial Accommodation,High level of accessibility,Main Entrance is at grade and has no steps or ramp,3.0,0.0,True,144.96977,-37.81369,321.295,365.256,384.001,356.762,387.405,341.698,383.671,384.025,375.319,403.503,328.127,337.555
99,2019,51,101169,101169,Alto Hotel on Bourke,636-638 Bourke Street MELBOURNE 3000,Melbourne (CBD),1916.0,2006.0,6.0,Commercial Accommodation,Low level of accessibility,All entrances have steps,1.0,0.0,,144.95471,-37.81628,392.463,535.917,575.231,466.138,491.059,482.604,624.331,650.277,416.254,444.226,461.24,351.202
100,2019,68,105669,105669,Oaks on Lonsdale,23-33 Lonsdale Street MELBOURNE 3000,Melbourne (CBD),2006.0,,30.0,Commercial Accommodation,High level of accessibility,Main Entrance is at grade and has no steps or ramp,3.0,0.0,,144.97138,-37.80989,317.397,338.129,361.84,366.834,346.566,328.069,351.4,379.366,350.757,362.366,339.291,340.122
101,2019,732,110375,110375,Aria Serviced Apartments,285-291 City Road SOUTHBANK VIC 3006,Southbank,2006.0,,16.0,Commercial Accommodation,High level of accessibility,Main Entrance is at grade and has no steps or ramp,3.0,0.0,False,144.95878,-37.82743,163.857,148.53,161.189,141.977,138.545,119.946,131.867,129.461,122.467,153.588,134.222,143.085
102,2019,95,105989,105989,,22-32 Little La Trobe Street MELBOURNE 3000,Melbourne (CBD),2014.0,,18.0,Commercial Accommodation,High level of accessibility,Main Entrance is at grade and has no steps or ramp,3.0,39.0,True,144.96267,-37.80917,0.0,0.0,0.0,0.0,0.0,0.0,564.892,749.726,604.746,1041.567,808.756,703.255
103,2019,380,103825,103825,,9-15 Murphy Street NORTH MELBOURNE 3051,North Melbourne,,,3.0,Commercial Accommodation,Low level of accessibility,All entrances have steps,1.0,0.0,True,144.95155,-37.79745,31.557,44.693,83.307,60.347,68.319,33.631,42.122,73.742,56.689,54.087,42.773,30.648
104,2019,53,108074,108074,Adina,185-199 Queen Street MELBOURNE 3000,Melbourne (CBD),1980.0,2007.0,22.0,Commercial Accommodation,High level of accessibility,Main Entrance is at grade and has no steps or ramp,3.0,0.0,True,144.95997,-37.81429,542.43,537.124,588.163,552.827,550.711,517.505,563.385,578.101,543.854,598.406,589.174,633.905
105,2019,58,105828,105828,Ovolo,19-25 Little Bourke Street MELBOURNE 3000,Melbourne (CBD),1991.0,1996.0,6.0,Commercial Accommodation,High level of accessibility,Main Entrance is at grade and has no steps or ramp,3.0,0.0,True,144.97199,-37.81074,262.522,296.136,316.67,320.881,303.645,286.353,311.268,356.339,324.051,300.994,303.074,305.443
106,2019,810,110367,110367,,167-169 City Road SOUTHBANK VIC 3006,Southbank,2018.0,,16.0,Commercial Accommodation,High level of accessibility,Main Entrance is at grade and has no steps or ramp,3.0,15.0,False,144.9625,-37.8244,486.784,479.479,506.918,450.32,475.682,394.15,434.322,444.703,389.707,579.986,511.519,579.609
107,2019,570,103391,103391,,Quest Flemington Inn 552-600 Epsom Road FLEMINGTON VIC 3031,Kensington,2000.0,1970.0,4.0,Commercial Accommodation,High level of accessibility,Main Entrance is at grade and has no steps or ramp,3.0,,False,144.92186,-37.78883,15.814,15.436,16.828,15.598,14.714,15.065,16.38,16.314,14.273,15.687,16.012,16.239
108,2019,356,104126,104126,,2 Gardiner Street NORTH MELBOURNE 3051,North Melbourne,,,1.0,Commercial Accommodation,Not determined or not applicable,Building is not considered to be publicly accessible so access has not been rated,0.0,0.0,,144.95347,-37.80445,53.134,55.702,64.268,59.053,54.822,52.637,56.991,59.162,49.292,55.344,57.078,57.624
109,2019,806,110478,640947,Crown Metropol,Crown Metropol Hotel 57-91 Clarendon Street SOUTHBANK VIC 3006,Southbank,2010.0,,29.0,Commercial Accommodation,High level of accessibility,Main Entrance is at grade and has no steps or ramp,3.0,0.0,True,144.95861,-37.82576,447.391,350.163,386.985,336.329,274.232,231.859,255.209,248.244,244.944,301.847,264.226,327.824
110,2019,61,105308,105308,Former YHA Building,203-207 King Street MELBOURNE 3000,Melbourne (CBD),1913.0,2000.0,2.0,Commercial Accommodation,Low level of accessibility,All entrances have steps,1.0,0.0,True,144.95497,-37.81539,323.245,446.235,478.642,386.104,405.358,400.621,520.995,543.493,342.556,364.317,380.279,286.725
111,2019,730,110401,110401,,334-342 City Road SOUTHBANK VIC 3006,Southbank,1950.0,2005.0,6.0,Commercial Accommodation,High level of accessibility,Main Entrance is at grade and has no steps or ramp,3.0,0.0,True,144.95735,-37.82784,247.199,268.811,292.196,260.877,296.035,241.045,290.273,293.741,261.548,300.433,284.243,261.906
112,2019,33,100729,100729,Metro Apartments Bank Place,18-20 Bank Place MELBOURNE 3000,Melbourne (CBD),1906.0,2000.0,10.0,Commercial Accommodation,Low level of accessibility,All entrances have steps,1.0,0.0,,144.96052,-37.81643,223.621,265.985,316.384,304.607,308.777,278.211,309.848,318.088,303.656,326.855,322.655,327.298
113,2019,77,105762,105762,Melbourne Marriott Hotel,92-106 Lonsdale Street MELBOURNE 3000,Melbourne (CBD),1982.0,2001.0,17.0,Commercial Accommodation,High level of accessibility,Main Entrance is at grade and has no steps or ramp,3.0,0.0,True,144.96914,-37.80989,427.631,451.569,488.265,501.085,473.479,448.054,475.058,517.504,475.139,492.612,459.475,461.329
114,2019,67,102047,102047,Punt Hill Apartment Hotel,11-17 Cohen Place MELBOURNE 3000,Melbourne (CBD),2000.0,,11.0,Commercial Accommodation,High level of accessibility,Main Entrance is at grade and has no steps or ramp,3.0,0.0,,144.96894,-37.81104,286.203,310.028,350.19,349.95,386.343,335.905,352.806,391.793,354.589,384.749,339.204,319.882
115,2019,93,110140,110140,Art on the Park/Singers Lane,330-352 William Street MELBOURNE 3000,Melbourne (CBD),2013.0,,37.0,Commercial Accommodation,High level of accessibility,Main Entrance is at grade and has no steps or ramp,3.0,0.0,,144.95658,-37.81125,172.705,174.703,209.648,193.189,195.204,187.227,200.822,207.545,187.233,220.937,193.911,219.277
116,2019,41,108966,108966,The Savoy Hotel on Little Collins,626-636 Little Collins Street MELBOURNE 3000,Melbourne (CBD),1928.0,1991.0,12.0,Commercial Accommodation,High level of accessibility,Main Entrance is at grade and has no steps or ramp,3.0,0.0,True,144.95393,-37.81777,587.402,781.539,840.043,686.98,731.388,707.03,904.188,937.953,625.371,673.427,689.822,538.115
117,2019,18,103917,103917,Manhattan Apartments,57-59 Flinders Lane MELBOURNE 3000,Melbourne (CBD),1926.0,1998.0,8.0,Commercial Accommodation,Low level of accessibility,All entrances have steps,1.0,0.0,,144.97281,-37.81499,462.793,530.868,560.141,487.459,580.363,484.776,557.059,570.733,518.027,451.358,519.673,459.781
118,2019,11,108971,108971,Holiday Inn on Flinders,561-585 Flinders Lane MELBOURNE 3000,Melbourne (CBD),1990.0,1997.0,9.0,Commercial Accommodation,Moderate level of accessibility,Main entrance has steps; Alternative entrance is step free or has ramp,2.0,0.0,True,144.9551,-37.8202,521.96,561.008,602.983,558.985,635.035,555.412,624.872,624.973,559.62,630.016,586.79,526.465
119,2019,811,110362,110362,WRAP Residence,WRAP Residences 133-139 City Road SOUTHBANK VIC 3006,Southbank,2014.0,,43.0,Commercial Accommodation,High level of accessibility,Main Entrance is at grade and has no steps or ramp,3.0,50.0,False,144.96358,-37.82348,609.494,499.859,585.15,691.378,513.338,504.3,577.709,553.549,527.077,556.345,541.18,539.386
120,2019,355,109803,109803,,448 Victoria Street NORTH MELBOURNE 3051,North Melbourne,1880.0,2011.0,2.0,Commercial Accommodation,Low level of accessibility,All entrances have steps,1.0,5.0,,144.95135,-37.80506,44.135,46.361,53.534,49.163,45.612,43.729,47.292,49.155,40.988,46.082,47.424,47.905
121,2019,58,103621,103621,Rydges Melbourne Hotel,174-192 Exhibition Street MELBOURNE 3000,Melbourne (CBD),1972.0,2009.0,24.0,Commercial Accommodation,High level of accessibility,Main Entrance is at grade and has no steps or ramp,3.0,0.0,True,144.97063,-37.81123,276.419,299.695,316.766,311.771,306.939,290.483,323.313,260.564,297.268,341.074,144.59,273.645
122,2019,87,101028,101028,Fraser Place Melbourne,10-14 Bennetts Lane MELBOURNE 3000,Melbourne (CBD),2010.0,,14.0,Commercial Accommodation,Moderate level of accessibility,Main entrance has steps; Alternative entrance is step free or has ramp,2.0,0.0,True,144.96792,-37.80905,403.679,429.285,483.979,483.405,444.712,419.91,447.985,495.094,451.91,467.584,433.277,454.137
123,2019,33,110667,110666,,394 Collins Street MELBOURNE 3000,Melbourne (CBD),1875.0,2008.0,9.0,Commercial Accommodation,Moderate level of accessibility,Main entrance has steps; Alternative entrance is step free or has ramp,2.0,0.0,True,144.96108,-37.81662,290.116,373.889,376.69,403.9,413.026,376.854,416.163,422.131,347.349,431.354,354.937,383.7
124,2019,353,103466,103466,Mecure North Melbourne,265-281 Errol Street NORTH MELBOURNE 3051,North Melbourne,1966.0,,3.0,Commercial Accommodation,High level of accessibility,Main Entrance is at grade and has no steps or ramp,3.0,0.0,True,144.95022,-37.79663,12.037,16.55,30.229,24.873,31.789,17.933,19.078,30.246,22.247,21.0,14.96,8.896
125,2019,41,105299,105299,Ibis Styles Hotel,131-137 King Street MELBOURNE 3000,Melbourne (CBD),1926.0,2010.0,7.0,Commercial Accommodation,Low level of accessibility,All entrances have steps,1.0,0.0,,144.9555,-37.81708,392.541,525.942,565.052,460.817,489.408,475.236,609.487,632.861,417.627,448.863,461.208,357.55
126,2019,68,105901,105901,Gordon Place Apartments,24-38 Little Bourke Street MELBOURNE 3000,Melbourne (CBD),1884.0,2003.0,3.0,Commercial Accommodation,Moderate level of accessibility,Entrance(s) have limited access via a small lip or a steep ramp,2.0,0.0,,144.97141,-37.81034,341.739,364.128,389.525,394.672,372.801,352.952,378.212,408.08,377.47,389.934,365.209,366.019
127,2019,22,102103,102103,Intercontinental Melbourne The Rialto,487-503 Collins Street MELBOURNE 3000,Melbourne (CBD),1890.0,2008.0,12.0,Commercial Accommodation,High level of accessibility,Main Entrance is at grade and has no steps or ramp,3.0,10.0,True,144.95812,-37.81854,363.35,382.781,419.939,391.374,430.746,385.23,426.597,427.59,383.91,433.675,410.379,373.628
128,2019,914,106773,106773,,48 Morrah Street PARKVILLE 3052,Parkville,1873.0,,2.0,Commercial Accommodation,Low level of accessibility,All entrances have steps,1.0,0.0,,144.95595,-37.7953,21.967,29.322,54.847,42.821,51.154,25.905,29.24,44.41,38.943,38.011,31.428,20.364
129,2019,58,105831,105831,Crossley Hotel,47-55 Little Bourke Street MELBOURNE 3000,Melbourne (CBD),1962.0,2004.0,7.0,Commercial Accommodation,Low level of accessibility,All entrances have steps,1.0,0.0,True,144.97111,-37.81102,202.767,226.432,237.466,222.427,238.303,216.518,247.096,183.122,221.571,261.674,86.595,194.99
130,2019,11,103986,103986,Flinders Tower,556-560 Flinders Street MELBOURNE 3000,Melbourne (CBD),2016.0,,30.0,Commercial Accommodation,High level of accessibility,Main Entrance is at grade and has no steps or ramp,3.0,0.0,,144.95577,-37.82061,428.504,485.582,486.649,443.328,541.137,401.298,466.053,468.333,329.621,616.673,483.65,466.095
131,2019,37,105914,105914,Stamford Plaza Melbourne,109-119 Little Collins Street MELBOURNE 3000,Melbourne (CBD),1990.0,2012.0,18.0,Commercial Accommodation,High level of accessibility,Main Entrance is at grade and has no steps or ramp,3.0,0.0,True,144.97003,-37.81355,327.403,373.09,392.145,362.672,396.837,348.203,391.197,396.318,383.78,410.728,345.455,344.798
132,2019,21,108970,108970,Great Southern Hotel (Former Hotel Enterprize),44-64 Spencer Street MELBOURNE 3000,Melbourne (CBD),1950.0,2009.0,9.0,Commercial Accommodation,Not determined or not applicable,Configuration of entrance does not fit into any of the other categories,0.0,12.0,True,144.95478,-37.81973,649.053,697.522,751.456,694.676,788.191,687.16,776.236,776.933,695.814,782.708,731.355,657.279
133,2019,925,103899,103899,Park Square Motor Inn And Serviced Apartments,86-94 Flemington Road PARKVILLE 3052,Parkville,1975.0,,3.0,Commercial Accommodation,Low level of accessibility,All entrances have steps,1.0,0.0,,144.9423,-37.7885,8.653,11.525,21.539,16.852,20.144,10.212,11.5,17.367,15.314,14.965,12.401,8.018
134,2019,804,623559,110484,Pan Pacific,Pan Pacific Melbourne 2 Convention Centre Place SOUTH WHARF VIC 3006,Southbank,2009.0,,22.0,Commercial Accommodation,High level of accessibility,Main Entrance is at grade and has no steps or ramp,3.0,0.0,True,144.9523,-37.82539,146.301,163.623,170.046,151.512,181.205,155.834,173.284,171.032,157.455,190.33,167.534,151.388
135,2019,23,106436,106436,Oaks On Market,54-60 Market Street MELBOURNE 3000,Melbourne (CBD),1967.0,2004.0,25.0,Commercial Accommodation,Moderate level of accessibility,Main entrance has steps; Alternative entrance is step free or has ramp,2.0,0.0,True,144.96082,-37.81778,571.73,711.418,856.853,783.854,834.426,763.296,831.852,844.442,800.095,902.541,861.321,913.92
136,2019,48,105970,105970,City Centre Budget Hotel,22-32 Little Collins Street MELBOURNE 3000,Melbourne (CBD),1957.0,,3.0,Commercial Accommodation,Low level of accessibility,All entrances have steps,1.0,0.0,,144.97256,-37.81244,246.115,273.962,291.651,272.824,303.122,269.197,305.045,234.05,269.948,295.076,115.079,238.984
137,2019,111,102950,102950,Flagstaff City Motel,45-55 Dudley Street WEST MELBOURNE 3003,West Melbourne (Residential),1978.0,2003.0,3.0,Commercial Accommodation,Moderate level of accessibility,Entrance(s) have limited access via a small lip or a steep ramp,2.0,0.0,,144.95103,-37.8101,107.174,107.989,118.722,110.197,111.356,108.391,119.165,118.075,103.895,114.608,115.07,111.532
138,2019,18,108976,108976,Mercure Melbourne Treasury Gardens,13-23 Spring Street MELBOURNE 3000,Melbourne (CBD),1972.0,1999.0,14.0,Commercial Accommodation,Low level of accessibility,All entrances have steps,1.0,0.0,True,144.9742,-37.81477,477.482,546.437,576.568,506.258,595.357,497.113,574.401,592.865,533.214,465.836,535.029,474.471
139,2019,21,606461,606461,Batmans Hill on Collins Hotel,607-623 Collins Street MELBOURNE 3000,Melbourne (CBD),2005.0,2009.0,6.0,Commercial Accommodation,Moderate level of accessibility,Main entrance has steps; Alternative entrance is step free or has ramp,2.0,0.0,,144.95469,-37.81929,817.084,922.913,952.283,862.015,1040.197,874.089,1008.956,1008.33,907.992,1023.302,922.811,804.264
140,2019,38,103628,103628,,96-102 Exhibition Street MELBOURNE 3000,Melbourne (CBD),1965.0,2003.0,11.0,Commercial Accommodation,High level of accessibility,Main Entrance is at grade and has no steps or ramp,3.0,0.0,,144.97145,-37.8133,237.871,259.185,279.575,249.906,284.833,243.139,280.755,280.4,198.588,0.0,0.0,0.0
141,2019,12,103956,103956,Highlander Apartments,487-497 Flinders Lane MELBOURNE 3000,Melbourne (CBD),1988.0,1997.0,4.0,Commercial Accommodation,High level of accessibility,Main Entrance is at grade and has no steps or ramp,3.0,0.0,,144.95771,-37.81938,373.439,394.065,432.484,402.01,443.394,393.016,439.227,440.74,394.914,444.593,422.11,384.345
142,2019,803,597190,110477,Crown Towers Hotel,Crown Towers Hotel 8 Whiteman Street SOUTHBANK VIC 3006,Southbank,1997.0,,37.0,Commercial Accommodation,Not determined or not applicable,Configuration of entrance does not fit into any of the other categories,0.0,0.0,True,144.95835,-37.82315,437.283,475.355,516.518,461.364,523.341,425.717,512.601,518.768,461.612,532.108,502.548,463.707
143,2019,420,104711,104711,,13-25 Hawke Street WEST MELBOURNE 3003,West Melbourne (Residential),1970.0,2014.0,3.0,Commercial Accommodation,Moderate level of accessibility,Main entrance has steps; Alternative entrance is step free or has ramp,2.0,0.0,,144.94863,-37.80612,40.854,39.371,44.856,42.935,40.038,42.095,47.353,46.19,33.468,35.289,45.337,44.779
144,2019,858,107815,107815,Gallia,733-735 Punt Road SOUTH YARRA VIC 3141,South Yarra,1940.0,,2.0,Commercial Accommodation,Low level of accessibility,All entrances have steps,1.0,10.0,True,144.98629,-37.83782,92.135,52.663,85.998,129.432,92.8,88.627,102.922,99.685,95.353,106.325,74.391,109.534
145,2019,47,101118,101118,Citadines Melbourne On Bourke,131-135 Bourke Street MELBOURNE 3000,Melbourne (CBD),2010.0,,25.0,Commercial Accommodation,High level of accessibility,Main Entrance is at grade and has no steps or ramp,3.0,10.0,True,144.96947,-37.81301,315.77,358.2,377.569,357.634,377.016,336.58,374.205,394.69,374.648,396.793,349.272,340.752
146,2019,368,100458,100458,Arden Motel,7-15 Arden Street NORTH MELBOURNE 3051,North Melbourne,1967.0,,3.0,Commercial Accommodation,High level of accessibility,Main Entrance is at grade and has no steps or ramp,3.0,0.0,,144.95214,-37.80161,40.968,39.604,47.932,45.357,44.395,43.286,48.77,48.364,35.649,36.639,46.984,44.257
147,2019,107,108561,108561,Space Hotel,380-388 Russell Street MELBOURNE 3000,Melbourne (CBD),1963.0,2010.0,9.0,Commercial Accommodation,High level of accessibility,Main Entrance is at grade and has no steps or ramp,3.0,0.0,True,144.9661,-37.80748,287.176,313.99,390.8,385.627,336.524,312.867,335.389,373.266,345.63,376.953,335.303,334.587
148,2019,514,100970,100970,,300-302 Bellair Street KENSINGTON VIC 3031,Kensington,,,1.0,Commercial Accommodation,Not determined or not applicable,Building is not considered to be publicly accessible so access has not been rated,0.0,,,144.93119,-37.7977,23.198,22.625,24.65,22.867,21.549,22.075,23.968,23.878,20.885,22.981,23.44,23.792
149,2019,94,103218,103218,City Edge Apartment Hotel,399-411 Elizabeth Street MELBOURNE 3000,Melbourne (CBD),1934.0,2009.0,6.0,Commercial Accommodation,Moderate level of accessibility,Entrance(s) have limited access via a small lip or a steep ramp,2.0,0.0,,144.96064,-37.80956,118.688,130.753,152.812,137.911,127.113,115.946,122.332,132.093,116.204,305.173,280.793,273.149
150,2019,115,103295,103295,,490-494 Elizabeth Street MELBOURNE 3000,Melbourne (CBD),1900.0,1989.0,4.0,Commercial Accommodation,High level of accessibility,Main Entrance is at grade and has no steps or ramp,3.0,0.0,,144.96043,-37.80736,333.524,332.361,374.217,343.718,327.136,334.099,363.944,360.81,312.798,340.884,351.704,352.893
151,2019,114,104095,104095,Stargate Apartment Complex,114-122 Franklin Street MELBOURNE 3000,Melbourne (CBD),2001.0,,11.0,Commercial Accommodation,Moderate level of accessibility,Entrance(s) have limited access via a small lip or a steep ramp,2.0,0.0,True,144.95892,-37.80822,422.663,421.014,491.844,453.94,437.502,446.653,482.764,477.383,411.96,446.494,452.131,445.777
152,2019,807,108054,108054,Crown Promenade Hotel,40-56 Queens Bridge Street SOUTHBANK VIC 3006,Southbank,2003.0,2009.0,23.0,Commercial Accommodation,High level of accessibility,Main Entrance is at grade and has no steps or ramp,3.0,0.0,False,144.96001,-37.82399,246.672,221.079,239.657,211.432,203.763,176.635,194.153,190.552,180.369,224.965,196.55,211.583
153,2019,710,108617,108617,Royce on St. Kilda Road,Royce Hotel 375-385 St Kilda Road MELBOURNE VIC 3004,Melbourne (Remainder),1928.0,2006.0,5.0,Commercial Accommodation,High level of accessibility,Main Entrance is at grade and has no steps or ramp,3.0,0.0,False,144.97554,-37.83509,197.152,140.096,156.074,138.314,113.8,98.575,110.306,110.792,108.471,124.409,116.989,140.121
154,2019,53,105855,105855,Mantra On Little Bourke,459-475 Little Bourke Street MELBOURNE 3000,Melbourne (CBD),1982.0,2006.0,12.0,Commercial Accommodation,High level of accessibility,Main Entrance is at grade and has no steps or ramp,3.0,4.0,True,144.95904,-37.81459,456.741,449.565,493.921,467.2,462.279,435.376,473.297,486.693,459.126,501.137,494.011,534.535
155,2019,438,105367,105367,,356-362 King Street WEST MELBOURNE 3003,West Melbourne (Residential),1870.0,2016.0,2.0,Commercial Accommodation,Low level of accessibility,All entrances have steps,1.0,0.0,,144.95236,-37.80832,70.497,67.321,75.83,72.395,67.863,72.139,81.202,78.599,58.175,61.079,77.518,76.68
156,2019,27,541562,102071,Grand Hyatt Melbourne,121-131 Collins Street MELBOURNE 3000,Melbourne (CBD),1986.0,2008.0,29.0,Commercial Accommodation,High level of accessibility,Main Entrance is at grade and has no steps or ramp,3.0,0.0,True,144.96988,-37.81508,167.211,194.165,202.9,175.618,213.105,176.973,202.903,204.163,195.017,401.062,413.063,460.471
157,2019,812,110354,110354,Opus tower,57-61 City Road SOUTHBANK VIC 3006,Southbank,2015.0,,37.0,Commercial Accommodation,High level of accessibility,Main Entrance is at grade and has no steps or ramp,3.0,357.0,False,144.96599,-37.82216,517.567,506.349,480.795,512.5,508.682,466.805,514.047,520.143,434.893,540.521,444.496,480.593
158,2019,17,574438,574438,Adina Apartments,84-94 Flinders Street MELBOURNE 3000,Melbourne (CBD),2001.0,,18.0,Commercial Accommodation,High level of accessibility,Main Entrance is at grade and has no steps or ramp,3.0,0.0,True,144.97168,-37.81595,317.833,355.245,381.961,337.753,381.803,327.408,377.209,380.72,332.267,163.178,326.256,316.849
159,2019,61,105857,105857,Hotel Ibis,594-600 Little Bourke Street MELBOURNE 3000,Melbourne (CBD),1998.0,,11.0,Commercial Accommodation,High level of accessibility,Main Entrance is at grade and has no steps or ramp,3.0,0.0,True,144.95457,-37.81537,338.852,469.039,503.035,405.409,425.151,420.87,548.005,571.909,358.944,381.352,398.664,299.8
160,2019,68,105671,105671,Quest on Lonsdale,43-51 Lonsdale Street MELBOURNE 3000,Melbourne (CBD),1966.0,2008.0,7.0,Commercial Accommodation,High level of accessibility,Main Entrance has ramp,3.0,0.0,,144.9709,-37.81,304.351,311.387,351.443,362.629,333.527,322.755,336.63,365.556,345.129,373.572,338.907,327.611
161,2019,81,108960,108960,Atlantis Tower & Hotel,284-302 Spencer Street MELBOURNE 3000,Melbourne (CBD),2009.0,,37.0,Commercial Accommodation,Moderate level of accessibility,Entrance(s) have limited access via a small lip or a steep ramp,2.0,0.0,True,144.95205,-37.81371,214.897,240.581,261.199,228.2,259.443,227.165,264.743,265.65,233.599,265.39,250.843,223.614
162,2019,114,103234,103234,Jasper Hotel,489-499 Elizabeth Street MELBOURNE 3000,Melbourne (CBD),1975.0,2007.0,9.0,Commercial Accommodation,High level of accessibility,Main Entrance is at grade and has no steps or ramp,3.0,0.0,True,144.95963,-37.8075,503.368,499.671,577.12,532.48,511.88,524.607,568.939,561.486,484.1,524.291,536.426,531.113
163,2019,115,109491,109491,Hotel Ibis,15-21 Therry Street MELBOURNE 3000,Melbourne (CBD),1990.0,,12.0,Commercial Accommodation,High level of accessibility,Main Entrance is at grade and has no steps or ramp,3.0,0.0,True,144.9614,-37.80711,495.979,612.557,848.585,796.95,638.238,620.404,674.631,687.206,591.774,644.827,598.147,565.423
164,2019,53,110145,110145,Quest on William,170-176 William Street MELBOURNE 3000,Melbourne (CBD),1967.0,2008.0,16.0,Commercial Accommodation,High level of accessibility,Main Entrance is at grade and has no steps or ramp,3.0,0.0,True,144.95822,-37.81492,342.428,356.834,393.312,370.733,402.262,361.717,398.916,401.601,362.184,404.032,383.66,354.127
165,2019,330,100519,100519,The British,162-168 Arden Street NORTH MELBOURNE 3051,North Melbourne,1865.0,2005.0,2.0,Commercial Accommodation,Low level of accessibility,All entrances have steps,1.0,0.0,,144.94623,-37.80032,26.157,25.244,30.473,28.875,28.202,27.635,31.151,30.834,22.635,23.258,29.982,28.293
166,2019,104,104085,104085,,167-175 Franklin Street MELBOURNE 3000,Melbourne (CBD),1928.0,1997.0,5.0,Commercial Accommodation,Low level of accessibility,All entrances have steps,1.0,0.0,,144.95916,-37.80898,0.0,0.0,0.0,0.0,0.0,0.0,0.0,0.0,0.0,989.326,927.246,873.373
167,2019,11,103985,103985,Markilles Hotel,562-564 Flinders Street MELBOURNE 3000,Melbourne (CBD),1918.0,2009.0,5.0,Commercial Accommodation,High level of accessibility,Main Entrance is at grade and has no steps or ramp,3.0,0.0,True,144.95563,-37.8206,438.802,497.721,498.613,454.147,554.975,413.092,479.56,481.745,339.399,629.624,495.119,475.438
