,Theme,Sub Theme,Feature Name,x,y,query
0,Place Of Assembly,Library,The Melbourne Athenaeum Library,144.967291289941,-37.8148855756416,"<script type=""text/javascript"" src=""https://ssl.gstatic.com/trends_nrtr/2674_RC03/embed_loader.js""></script>
<script type=""text/javascript""> trends.embed.renderExploreWidget(""TIMESERIES"", { ""comparisonItem"": [{ ""keyword"": ""The Melbourne Athenaeum Library"", ""geo"": ""AU"", ""time"": ""today 1-m"" }], ""category"": 0, ""property"": """" }, { ""exploreQuery"": ""date=today%201-m&geo=AU&q=The%20Melbourne%20Athenaeum%20Library"", ""guestPath"": ""https://trends.google.com:443/trends/embed/"" }); </script>"
1,Place of Worship,Church,St Francis Church,144.9624226,-37.81188478,"<script type=""text/javascript"" src=""https://ssl.gstatic.com/trends_nrtr/2674_RC03/embed_loader.js""></script>
<script type=""text/javascript""> trends.embed.renderExploreWidget(""TIMESERIES"", { ""comparisonItem"": [{ ""keyword"": ""St Francis Church"", ""geo"": ""AU"", ""time"": ""today 1-m"" }], ""category"": 0, ""property"": """" }, { ""exploreQuery"": ""date=today%201-m&geo=AU&q=St%20Francis%20Church"", ""guestPath"": ""https://trends.google.com:443/trends/embed/"" }); </script>"
2,Place of Worship,Church,Wesley Church,144.9681682,-37.81015764,"<script type=""text/javascript"" src=""https://ssl.gstatic.com/trends_nrtr/2674_RC03/embed_loader.js""></script>
<script type=""text/javascript""> trends.embed.renderExploreWidget(""TIMESERIES"", { ""comparisonItem"": [{ ""keyword"": ""Wesley Church"", ""geo"": ""AU"", ""time"": ""today 1-m"" }], ""category"": 0, ""property"": """" }, { ""exploreQuery"": ""date=today%201-m&geo=AU&q=Wesley%20Church"", ""guestPath"": ""https://trends.google.com:443/trends/embed/"" }); </script>"
3,Place of Worship,Church,St Augustines Church,144.954862,-37.81697414,"<script type=""text/javascript"" src=""https://ssl.gstatic.com/trends_nrtr/2674_RC03/embed_loader.js""></script>
<script type=""text/javascript""> trends.embed.renderExploreWidget(""TIMESERIES"", { ""comparisonItem"": [{ ""keyword"": ""St Augustines Church"", ""geo"": ""AU"", ""time"": ""today 1-m"" }], ""category"": 0, ""property"": """" }, { ""exploreQuery"": ""date=today%201-m&geo=AU&q=St%20Augustines%20Church"", ""guestPath"": ""https://trends.google.com:443/trends/embed/"" }); </script>"
4,Place of Worship,Church,St James Church,144.9524686,-37.81012812,"<script type=""text/javascript"" src=""https://ssl.gstatic.com/trends_nrtr/2674_RC03/embed_loader.js""></script>
<script type=""text/javascript""> trends.embed.renderExploreWidget(""TIMESERIES"", { ""comparisonItem"": [{ ""keyword"": ""St James Church"", ""geo"": ""AU"", ""time"": ""today 1-m"" }], ""category"": 0, ""property"": """" }, { ""exploreQuery"": ""date=today%201-m&geo=AU&q=St%20James%20Church"", ""guestPath"": ""https://trends.google.com:443/trends/embed/"" }); </script>"
5,Place of Worship,Church,St Mary's Anglican Church,144.9537615,-37.80316637,"<script type=""text/javascript"" src=""https://ssl.gstatic.com/trends_nrtr/2674_RC03/embed_loader.js""></script>
<script type=""text/javascript""> trends.embed.renderExploreWidget(""TIMESERIES"", { ""comparisonItem"": [{ ""keyword"": ""St Mary's Anglican Church"", ""geo"": ""AU"", ""time"": ""today 1-m"" }], ""category"": 0, ""property"": """" }, { ""exploreQuery"": ""date=today%201-m&geo=AU&q=St%20Marys%20Anglican%20Church"", ""guestPath"": ""https://trends.google.com:443/trends/embed/"" }); </script>"
6,Place of Worship,Church,Romanian Orthodox,144.9669864,-37.80523073,"<script type=""text/javascript"" src=""https://ssl.gstatic.com/trends_nrtr/2674_RC03/embed_loader.js""></script>
<script type=""text/javascript""> trends.embed.renderExploreWidget(""TIMESERIES"", { ""comparisonItem"": [{ ""keyword"": ""Romanian Orthodox"", ""geo"": ""AU"", ""time"": ""today 1-m"" }], ""category"": 0, ""property"": """" }, { ""exploreQuery"": ""date=today%201-m&geo=AU&q=Romanian%20Orthodox"", ""guestPath"": ""https://trends.google.com:443/trends/embed/"" }); </script>"
7,Place of Worship,Church,Welsh Presbyterian Church,144.9598733,-37.81044788,"<script type=""text/javascript"" src=""https://ssl.gstatic.com/trends_nrtr/2674_RC03/embed_loader.js""></script>
<script type=""text/javascript""> trends.embed.renderExploreWidget(""TIMESERIES"", { ""comparisonItem"": [{ ""keyword"": ""Welsh Presbyterian Church"", ""geo"": ""AU"", ""time"": ""today 1-m"" }], ""category"": 0, ""property"": """" }, { ""exploreQuery"": ""date=today%201-m&geo=AU&q=Welsh%20Presbyterian%20Church"", ""guestPath"": ""https://trends.google.com:443/trends/embed/"" }); </script>"
8,Place of Worship,Church,Church of Christ,144.9638892,-37.81045241,"<script type=""text/javascript"" src=""https://ssl.gstatic.com/trends_nrtr/2674_RC03/embed_loader.js""></script>
<script type=""text/javascript""> trends.embed.renderExploreWidget(""TIMESERIES"", { ""comparisonItem"": [{ ""keyword"": ""Church of Christ"", ""geo"": ""AU"", ""time"": ""today 1-m"" }], ""category"": 0, ""property"": """" }, { ""exploreQuery"": ""date=today%201-m&geo=AU&q=Church%20of%20Christ"", ""guestPath"": ""https://trends.google.com:443/trends/embed/"" }); </script>"
9,Place of Worship,Church,Scots Church,144.9685511,-37.81456878,"<script type=""text/javascript"" src=""https://ssl.gstatic.com/trends_nrtr/2674_RC03/embed_loader.js""></script>
<script type=""text/javascript""> trends.embed.renderExploreWidget(""TIMESERIES"", { ""comparisonItem"": [{ ""keyword"": ""Scots Church"", ""geo"": ""AU"", ""time"": ""today 1-m"" }], ""category"": 0, ""property"": """" }, { ""exploreQuery"": ""date=today%201-m&geo=AU&q=Scots%20Church"", ""guestPath"": ""https://trends.google.com:443/trends/embed/"" }); </script>"
10,Place of Worship,Church,St Michael's Uniting Church,144.969174,-37.81438513,"<script type=""text/javascript"" src=""https://ssl.gstatic.com/trends_nrtr/2674_RC03/embed_loader.js""></script>
<script type=""text/javascript""> trends.embed.renderExploreWidget(""TIMESERIES"", { ""comparisonItem"": [{ ""keyword"": ""St Michael's Uniting Church"", ""geo"": ""AU"", ""time"": ""today 1-m"" }], ""category"": 0, ""property"": """" }, { ""exploreQuery"": ""date=today%201-m&geo=AU&q=St%20Michaels%20Uniting%20Church"", ""guestPath"": ""https://trends.google.com:443/trends/embed/"" }); </script>"
11,Place of Worship,Church,Greek Orthodox Church,144.9782591,-37.80880647,"<script type=""text/javascript"" src=""https://ssl.gstatic.com/trends_nrtr/2674_RC03/embed_loader.js""></script>
<script type=""text/javascript""> trends.embed.renderExploreWidget(""TIMESERIES"", { ""comparisonItem"": [{ ""keyword"": ""Greek Orthodox Church"", ""geo"": ""AU"", ""time"": ""today 1-m"" }], ""category"": 0, ""property"": """" }, { ""exploreQuery"": ""date=today%201-m&geo=AU&q=Greek%20Orthodox%20Church"", ""guestPath"": ""https://trends.google.com:443/trends/embed/"" }); </script>"
12,Place of Worship,Church,St Peter's Eastern Hill,144.9752592,-37.80970867,"<script type=""text/javascript"" src=""https://ssl.gstatic.com/trends_nrtr/2674_RC03/embed_loader.js""></script>
<script type=""text/javascript""> trends.embed.renderExploreWidget(""TIMESERIES"", { ""comparisonItem"": [{ ""keyword"": ""St Peter's Eastern Hill"", ""geo"": ""AU"", ""time"": ""today 1-m"" }], ""category"": 0, ""property"": """" }, { ""exploreQuery"": ""date=today%201-m&geo=AU&q=St%20Peters%20Eastern%20Hill"", ""guestPath"": ""https://trends.google.com:443/trends/embed/"" }); </script>"
13,Place of Worship,Church,Lutheran Trinity Church,144.9757295,-37.81097571,"<script type=""text/javascript"" src=""https://ssl.gstatic.com/trends_nrtr/2674_RC03/embed_loader.js""></script>
<script type=""text/javascript""> trends.embed.renderExploreWidget(""TIMESERIES"", { ""comparisonItem"": [{ ""keyword"": ""Lutheran Trinity Church"", ""geo"": ""AU"", ""time"": ""today 1-m"" }], ""category"": 0, ""property"": """" }, { ""exploreQuery"": ""date=today%201-m&geo=AU&q=Lutheran%20Trinity%20Church"", ""guestPath"": ""https://trends.google.com:443/trends/embed/"" }); </script>"
14,Place of Worship,Church,Holy Trinity,144.9831973,-37.81406671,"<script type=""text/javascript"" src=""https://ssl.gstatic.com/trends_nrtr/2674_RC03/embed_loader.js""></script>
<script type=""text/javascript""> trends.embed.renderExploreWidget(""TIMESERIES"", { ""comparisonItem"": [{ ""keyword"": ""Holy Trinity"", ""geo"": ""AU"", ""time"": ""today 1-m"" }], ""category"": 0, ""property"": """" }, { ""exploreQuery"": ""date=today%201-m&geo=AU&q=Holy%20Trinity"", ""guestPath"": ""https://trends.google.com:443/trends/embed/"" }); </script>"
15,Place of Worship,Church,St Johns Lutheran Church,144.9671211,-37.82093997,"<script type=""text/javascript"" src=""https://ssl.gstatic.com/trends_nrtr/2674_RC03/embed_loader.js""></script>
<script type=""text/javascript""> trends.embed.renderExploreWidget(""TIMESERIES"", { ""comparisonItem"": [{ ""keyword"": ""St Johns Lutheran Church"", ""geo"": ""AU"", ""time"": ""today 1-m"" }], ""category"": 0, ""property"": """" }, { ""exploreQuery"": ""date=today%201-m&geo=AU&q=St%20Johns%20Lutheran%20Church"", ""guestPath"": ""https://trends.google.com:443/trends/embed/"" }); </script>"
16,Place of Worship,Church,North Melbourne Uniting,144.9476715,-37.80355385,"<script type=""text/javascript"" src=""https://ssl.gstatic.com/trends_nrtr/2674_RC03/embed_loader.js""></script>
<script type=""text/javascript""> trends.embed.renderExploreWidget(""TIMESERIES"", { ""comparisonItem"": [{ ""keyword"": ""North Melbourne Uniting"", ""geo"": ""AU"", ""time"": ""today 1-m"" }], ""category"": 0, ""property"": """" }, { ""exploreQuery"": ""date=today%201-m&geo=AU&q=North%20Melbourne%20Uniting"", ""guestPath"": ""https://trends.google.com:443/trends/embed/"" }); </script>"
17,Place of Worship,Church,Melbourne Unitarian Church,144.9846649,-37.81144878,"<script type=""text/javascript"" src=""https://ssl.gstatic.com/trends_nrtr/2674_RC03/embed_loader.js""></script>
<script type=""text/javascript""> trends.embed.renderExploreWidget(""TIMESERIES"", { ""comparisonItem"": [{ ""keyword"": ""Melbourne Unitarian Church"", ""geo"": ""AU"", ""time"": ""today 1-m"" }], ""category"": 0, ""property"": """" }, { ""exploreQuery"": ""date=today%201-m&geo=AU&q=Melbourne%20Unitarian%20Church"", ""guestPath"": ""https://trends.google.com:443/trends/embed/"" }); </script>"
18,Place of Worship,Church,All Nations Uniting Church,144.9689811,-37.79591553,"<script type=""text/javascript"" src=""https://ssl.gstatic.com/trends_nrtr/2674_RC03/embed_loader.js""></script>
<script type=""text/javascript""> trends.embed.renderExploreWidget(""TIMESERIES"", { ""comparisonItem"": [{ ""keyword"": ""All Nations Uniting Church"", ""geo"": ""AU"", ""time"": ""today 1-m"" }], ""category"": 0, ""property"": """" }, { ""exploreQuery"": ""date=today%201-m&geo=AU&q=All%20Nations%20Uniting%20Church"", ""guestPath"": ""https://trends.google.com:443/trends/embed/"" }); </script>"
19,Place of Worship,Church,Our Lady of Lebanon Church,144.9693347,-37.80257665,"<script type=""text/javascript"" src=""https://ssl.gstatic.com/trends_nrtr/2674_RC03/embed_loader.js""></script>
<script type=""text/javascript""> trends.embed.renderExploreWidget(""TIMESERIES"", { ""comparisonItem"": [{ ""keyword"": ""Our Lady of Lebanon Church"", ""geo"": ""AU"", ""time"": ""today 1-m"" }], ""category"": 0, ""property"": """" }, { ""exploreQuery"": ""date=today%201-m&geo=AU&q=Our%20Lady%20of%20Lebanon%20Church"", ""guestPath"": ""https://trends.google.com:443/trends/embed/"" }); </script>"
20,Place of Worship,Church,St Michaels,144.9453995,-37.79405127,"<script type=""text/javascript"" src=""https://ssl.gstatic.com/trends_nrtr/2674_RC03/embed_loader.js""></script>
<script type=""text/javascript""> trends.embed.renderExploreWidget(""TIMESERIES"", { ""comparisonItem"": [{ ""keyword"": ""St Michaels"", ""geo"": ""AU"", ""time"": ""today 1-m"" }], ""category"": 0, ""property"": """" }, { ""exploreQuery"": ""date=today%201-m&geo=AU&q=St%20Michaels"", ""guestPath"": ""https://trends.google.com:443/trends/embed/"" }); </script>"
21,Place of Worship,Church,Ukranian Catholic Cathedral,144.9443135,-37.79630846,"<script type=""text/javascript"" src=""https://ssl.gstatic.com/trends_nrtr/2674_RC03/embed_loader.js""></script>
<script type=""text/javascript""> trends.embed.renderExploreWidget(""TIMESERIES"", { ""comparisonItem"": [{ ""keyword"": ""Ukranian Catholic Cathedral"", ""geo"": ""AU"", ""time"": ""today 1-m"" }], ""category"": 0, ""property"": """" }, { ""exploreQuery"": ""date=today%201-m&geo=AU&q=Ukranian%20Catholic%20Cathedral"", ""guestPath"": ""https://trends.google.com:443/trends/embed/"" }); </script>"
22,Place of Worship,Church,St Alban Anglican Church,144.9416145,-37.79421695,"<script type=""text/javascript"" src=""https://ssl.gstatic.com/trends_nrtr/2674_RC03/embed_loader.js""></script>
<script type=""text/javascript""> trends.embed.renderExploreWidget(""TIMESERIES"", { ""comparisonItem"": [{ ""keyword"": ""St Alban Anglican Church"", ""geo"": ""AU"", ""time"": ""today 1-m"" }], ""category"": 0, ""property"": """" }, { ""exploreQuery"": ""date=today%201-m&geo=AU&q=St%20Alban%20Anglican%20Church"", ""guestPath"": ""https://trends.google.com:443/trends/embed/"" }); </script>"
23,Place of Worship,Church,Christ Church Kensington,144.9272957,-37.79321095,"<script type=""text/javascript"" src=""https://ssl.gstatic.com/trends_nrtr/2674_RC03/embed_loader.js""></script>
<script type=""text/javascript""> trends.embed.renderExploreWidget(""TIMESERIES"", { ""comparisonItem"": [{ ""keyword"": ""Christ Church Kensington"", ""geo"": ""AU"", ""time"": ""today 1-m"" }], ""category"": 0, ""property"": """" }, { ""exploreQuery"": ""date=today%201-m&geo=AU&q=Christ%20Church%20Kensington"", ""guestPath"": ""https://trends.google.com:443/trends/embed/"" }); </script>"
24,Place of Worship,Church,Holy Rosary,144.9283621,-37.79480874,"<script type=""text/javascript"" src=""https://ssl.gstatic.com/trends_nrtr/2674_RC03/embed_loader.js""></script>
<script type=""text/javascript""> trends.embed.renderExploreWidget(""TIMESERIES"", { ""comparisonItem"": [{ ""keyword"": ""Holy Rosary"", ""geo"": ""AU"", ""time"": ""today 1-m"" }], ""category"": 0, ""property"": """" }, { ""exploreQuery"": ""date=today%201-m&geo=AU&q=Holy%20Rosary"", ""guestPath"": ""https://trends.google.com:443/trends/embed/"" }); </script>"
25,Place of Worship,Church,Collins Street Baptist Church,144.9680725,-37.81470119,"<script type=""text/javascript"" src=""https://ssl.gstatic.com/trends_nrtr/2674_RC03/embed_loader.js""></script>
<script type=""text/javascript""> trends.embed.renderExploreWidget(""TIMESERIES"", { ""comparisonItem"": [{ ""keyword"": ""Collins Street Baptist Church"", ""geo"": ""AU"", ""time"": ""today 1-m"" }], ""category"": 0, ""property"": """" }, { ""exploreQuery"": ""date=today%201-m&geo=AU&q=Collins%20Street%20Baptist%20Church"", ""guestPath"": ""https://trends.google.com:443/trends/embed/"" }); </script>"
26,Place of Worship,Church,St Thomas Aquinas Church,144.9768091,-37.83530769,"<script type=""text/javascript"" src=""https://ssl.gstatic.com/trends_nrtr/2674_RC03/embed_loader.js""></script>
<script type=""text/javascript""> trends.embed.renderExploreWidget(""TIMESERIES"", { ""comparisonItem"": [{ ""keyword"": ""St Thomas Aquinas Church"", ""geo"": ""AU"", ""time"": ""today 1-m"" }], ""category"": 0, ""property"": """" }, { ""exploreQuery"": ""date=today%201-m&geo=AU&q=St%20Thomas%20Aquinas%20Church"", ""guestPath"": ""https://trends.google.com:443/trends/embed/"" }); </script>"
27,Place of Worship,Church,South Yarra Presbyterian Church,144.985627,-37.84074736,"<script type=""text/javascript"" src=""https://ssl.gstatic.com/trends_nrtr/2674_RC03/embed_loader.js""></script>
<script type=""text/javascript""> trends.embed.renderExploreWidget(""TIMESERIES"", { ""comparisonItem"": [{ ""keyword"": ""South Yarra Presbyterian Church"", ""geo"": ""AU"", ""time"": ""today 1-m"" }], ""category"": 0, ""property"": """" }, { ""exploreQuery"": ""date=today%201-m&geo=AU&q=South%20Yarra%20Presbyterian%20Church"", ""guestPath"": ""https://trends.google.com:443/trends/embed/"" }); </script>"
28,Place of Worship,Church,The Parish of Christ Church South Yarra,144.9860094,-37.83862705,"<script type=""text/javascript"" src=""https://ssl.gstatic.com/trends_nrtr/2674_RC03/embed_loader.js""></script>
<script type=""text/javascript""> trends.embed.renderExploreWidget(""TIMESERIES"", { ""comparisonItem"": [{ ""keyword"": ""The Parish of Christ Church South Yarra"", ""geo"": ""AU"", ""time"": ""today 1-m"" }], ""category"": 0, ""property"": """" }, { ""exploreQuery"": ""date=today%201-m&geo=AU&q=The%20Parish%20of%20Christ%20Church%20South%20Yarra"", ""guestPath"": ""https://trends.google.com:443/trends/embed/"" }); </script>"
29,Community Use,Visitor Centre,Melbourne Visitor Booth,144.9644259,-37.81395251,"<script type=""text/javascript"" src=""https://ssl.gstatic.com/trends_nrtr/2674_RC03/embed_loader.js""></script>
<script type=""text/javascript""> trends.embed.renderExploreWidget(""TIMESERIES"", { ""comparisonItem"": [{ ""keyword"": ""Melbourne Visitor Booth"", ""geo"": ""AU"", ""time"": ""today 1-m"" }], ""category"": 0, ""property"": """" }, { ""exploreQuery"": ""date=today%201-m&geo=AU&q=Melbourne%20Visitor%20Booth"", ""guestPath"": ""https://trends.google.com:443/trends/embed/"" }); </script>"
30,Leisure/Recreation,Major Sports & Recreation Facility,State Netball Hockey Centre,144.947581,-37.785786,"<script type=""text/javascript"" src=""https://ssl.gstatic.com/trends_nrtr/2674_RC03/embed_loader.js""></script>
<script type=""text/javascript""> trends.embed.renderExploreWidget(""TIMESERIES"", { ""comparisonItem"": [{ ""keyword"": ""State Netball Hockey Centre"", ""geo"": ""AU"", ""time"": ""today 1-m"" }], ""category"": 0, ""property"": """" }, { ""exploreQuery"": ""date=today%201-m&geo=AU&q=State%20Netball%20Hockey%20Centre"", ""guestPath"": ""https://trends.google.com:443/trends/embed/"" }); </script>"
31,Transport,Transport Terminal,Port of Melbourne,144.9175343,-37.81373844,"<script type=""text/javascript"" src=""https://ssl.gstatic.com/trends_nrtr/2674_RC03/embed_loader.js""></script>
<script type=""text/javascript""> trends.embed.renderExploreWidget(""TIMESERIES"", { ""comparisonItem"": [{ ""keyword"": ""Port of Melbourne"", ""geo"": ""AU"", ""time"": ""today 1-m"" }], ""category"": 0, ""property"": """" }, { ""exploreQuery"": ""date=today%201-m&geo=AU&q=Port%20of%20Melbourne"", ""guestPath"": ""https://trends.google.com:443/trends/embed/"" }); </script>"
32,Leisure/Recreation,Major Sports & Recreation Facility,Carlton Football Club,144.9619678,-37.78408644,"<script type=""text/javascript"" src=""https://ssl.gstatic.com/trends_nrtr/2674_RC03/embed_loader.js""></script>
<script type=""text/javascript""> trends.embed.renderExploreWidget(""TIMESERIES"", { ""comparisonItem"": [{ ""keyword"": ""Carlton Football Club"", ""geo"": ""AU"", ""time"": ""today 1-m"" }], ""category"": 0, ""property"": """" }, { ""exploreQuery"": ""date=today%201-m&geo=AU&q=Carlton%20Football%20Club"", ""guestPath"": ""https://trends.google.com:443/trends/embed/"" }); </script>"
33,Leisure/Recreation,Major Sports & Recreation Facility,Visy Park,144.9619826,-37.78343039,"<script type=""text/javascript"" src=""https://ssl.gstatic.com/trends_nrtr/2674_RC03/embed_loader.js""></script>
<script type=""text/javascript""> trends.embed.renderExploreWidget(""TIMESERIES"", { ""comparisonItem"": [{ ""keyword"": ""Visy Park"", ""geo"": ""AU"", ""time"": ""today 1-m"" }], ""category"": 0, ""property"": """" }, { ""exploreQuery"": ""date=today%201-m&geo=AU&q=Visy%20Park"", ""guestPath"": ""https://trends.google.com:443/trends/embed/"" }); </script>"
34,Place Of Assembly,Art Gallery/Museum,Old Melbourne Gaol Crime & Justice Experience,144.9654639,-37.80776441,"<script type=""text/javascript"" src=""https://ssl.gstatic.com/trends_nrtr/2674_RC03/embed_loader.js""></script>
<script type=""text/javascript""> trends.embed.renderExploreWidget(""TIMESERIES"", { ""comparisonItem"": [{ ""keyword"": ""Old Melbourne Gaol Crime & Justice Experience"", ""geo"": ""AU"", ""time"": ""today 1-m"" }], ""category"": 0, ""property"": """" }, { ""exploreQuery"": ""date=today%201-m&geo=AU&q=Old%20Melbourne%20Gaol%20Crime%20%26%20Justice%20Experience"", ""guestPath"": ""https://trends.google.com:443/trends/embed/"" }); </script>"
35,Place Of Assembly,Theatre Live,FairFax Studio,144.9688362,-37.82166846,"<script type=""text/javascript"" src=""https://ssl.gstatic.com/trends_nrtr/2674_RC03/embed_loader.js""></script>
<script type=""text/javascript""> trends.embed.renderExploreWidget(""TIMESERIES"", { ""comparisonItem"": [{ ""keyword"": ""FairFax Studio"", ""geo"": ""AU"", ""time"": ""today 1-m"" }], ""category"": 0, ""property"": """" }, { ""exploreQuery"": ""date=today%201-m&geo=AU&q=FairFax%20Studio"", ""guestPath"": ""https://trends.google.com:443/trends/embed/"" }); </script>"
36,Place Of Assembly,Theatre Live,Playhouse,144.9683378,-37.82181246,"<script type=""text/javascript"" src=""https://ssl.gstatic.com/trends_nrtr/2674_RC03/embed_loader.js""></script>
<script type=""text/javascript""> trends.embed.renderExploreWidget(""TIMESERIES"", { ""comparisonItem"": [{ ""keyword"": ""Playhouse"", ""geo"": ""AU"", ""time"": ""today 1-m"" }], ""category"": 0, ""property"": """" }, { ""exploreQuery"": ""date=today%201-m&geo=AU&q=Playhouse"", ""guestPath"": ""https://trends.google.com:443/trends/embed/"" }); </script>"
37,Place Of Assembly,Theatre Live,State Theatre,144.9684696,-37.82128063,"<script type=""text/javascript"" src=""https://ssl.gstatic.com/trends_nrtr/2674_RC03/embed_loader.js""></script>
<script type=""text/javascript""> trends.embed.renderExploreWidget(""TIMESERIES"", { ""comparisonItem"": [{ ""keyword"": ""State Theatre"", ""geo"": ""AU"", ""time"": ""today 1-m"" }], ""category"": 0, ""property"": """" }, { ""exploreQuery"": ""date=today%201-m&geo=AU&q=State%20Theatre"", ""guestPath"": ""https://trends.google.com:443/trends/embed/"" }); </script>"
38,Education Centre,Tertiary (University),University of Melbourne (VCA and Music),144.9693325,-37.82411377,"<script type=""text/javascript"" src=""https://ssl.gstatic.com/trends_nrtr/2674_RC03/embed_loader.js""></script>
<script type=""text/javascript""> trends.embed.renderExploreWidget(""TIMESERIES"", { ""comparisonItem"": [{ ""keyword"": ""University of Melbourne (VCA and Music)"", ""geo"": ""AU"", ""time"": ""today 1-m"" }], ""category"": 0, ""property"": """" }, { ""exploreQuery"": ""date=today%201-m&geo=AU&q=University%20of%20Melbourne%20"", ""guestPath"": ""https://trends.google.com:443/trends/embed/"" }); </script>"
39,Place Of Assembly,Theatre Live,St Martins Youth Arts Centre,144.9811422,-37.83524295,"<script type=""text/javascript"" src=""https://ssl.gstatic.com/trends_nrtr/2674_RC03/embed_loader.js""></script>
<script type=""text/javascript""> trends.embed.renderExploreWidget(""TIMESERIES"", { ""comparisonItem"": [{ ""keyword"": ""St Martins Youth Arts Centre"", ""geo"": ""AU"", ""time"": ""today 1-m"" }], ""category"": 0, ""property"": """" }, { ""exploreQuery"": ""date=today%201-m&geo=AU&q=St%20Martins%20Youth%20Arts%20Centre"", ""guestPath"": ""https://trends.google.com:443/trends/embed/"" }); </script>"
40,Leisure/Recreation,Major Sports & Recreation Facility,Flemington Racecourse,144.912143,-37.79080826,"<script type=""text/javascript"" src=""https://ssl.gstatic.com/trends_nrtr/2674_RC03/embed_loader.js""></script>
<script type=""text/javascript""> trends.embed.renderExploreWidget(""TIMESERIES"", { ""comparisonItem"": [{ ""keyword"": ""Flemington Racecourse"", ""geo"": ""AU"", ""time"": ""today 1-m"" }], ""category"": 0, ""property"": """" }, { ""exploreQuery"": ""date=today%201-m&geo=AU&q=Flemington%20Racecourse"", ""guestPath"": ""https://trends.google.com:443/trends/embed/"" }); </script>"
41,Place Of Assembly,Theatre Live,Princess Theatre,144.9723266,-37.81072571,"<script type=""text/javascript"" src=""https://ssl.gstatic.com/trends_nrtr/2674_RC03/embed_loader.js""></script>
<script type=""text/javascript""> trends.embed.renderExploreWidget(""TIMESERIES"", { ""comparisonItem"": [{ ""keyword"": ""Princess Theatre"", ""geo"": ""AU"", ""time"": ""today 1-m"" }], ""category"": 0, ""property"": """" }, { ""exploreQuery"": ""date=today%201-m&geo=AU&q=Princess%20Theatre"", ""guestPath"": ""https://trends.google.com:443/trends/embed/"" }); </script>"
42,Place Of Assembly,Theatre Live,Regent Theatre,144.9679167,-37.81600147,"<script type=""text/javascript"" src=""https://ssl.gstatic.com/trends_nrtr/2674_RC03/embed_loader.js""></script>
<script type=""text/javascript""> trends.embed.renderExploreWidget(""TIMESERIES"", { ""comparisonItem"": [{ ""keyword"": ""Regent Theatre"", ""geo"": ""AU"", ""time"": ""today 1-m"" }], ""category"": 0, ""property"": """" }, { ""exploreQuery"": ""date=today%201-m&geo=AU&q=Regent%20Theatre"", ""guestPath"": ""https://trends.google.com:443/trends/embed/"" }); </script>"
43,Leisure/Recreation,Major Sports & Recreation Facility,Melbourne Cricket Ground (MCG),144.9834029,-37.81949216,"<script type=""text/javascript"" src=""https://ssl.gstatic.com/trends_nrtr/2674_RC03/embed_loader.js""></script>
<script type=""text/javascript""> trends.embed.renderExploreWidget(""TIMESERIES"", { ""comparisonItem"": [{ ""keyword"": ""Melbourne Cricket Ground (MCG)"", ""geo"": ""AU"", ""time"": ""today 1-m"" }], ""category"": 0, ""property"": """" }, { ""exploreQuery"": ""date=today%201-m&geo=AU&q=Melbourne%20Cricket%20Ground%20"", ""guestPath"": ""https://trends.google.com:443/trends/embed/"" }); </script>"
44,Zoo,"Outdoor Recreation Facility (Zoo, Golf Course)",Melbourne Zoo,144.9513712,-37.78444493,"<script type=""text/javascript"" src=""https://ssl.gstatic.com/trends_nrtr/2674_RC03/embed_loader.js""></script>
<script type=""text/javascript""> trends.embed.renderExploreWidget(""TIMESERIES"", { ""comparisonItem"": [{ ""keyword"": ""Melbourne Zoo"", ""geo"": ""AU"", ""time"": ""today 1-m"" }], ""category"": 0, ""property"": """" }, { ""exploreQuery"": ""date=today%201-m&geo=AU&q=Melbourne%20Zoo"", ""guestPath"": ""https://trends.google.com:443/trends/embed/"" }); </script>"
45,Place Of Assembly,Function/Conference/Exhibition Centre,Melbourne Exhibition Centre,144.9543524,-37.82524551,"<script type=""text/javascript"" src=""https://ssl.gstatic.com/trends_nrtr/2674_RC03/embed_loader.js""></script>
<script type=""text/javascript""> trends.embed.renderExploreWidget(""TIMESERIES"", { ""comparisonItem"": [{ ""keyword"": ""Melbourne Exhibition Centre"", ""geo"": ""AU"", ""time"": ""today 1-m"" }], ""category"": 0, ""property"": """" }, { ""exploreQuery"": ""date=today%201-m&geo=AU&q=Melbourne%20Exhibition%20Centre"", ""guestPath"": ""https://trends.google.com:443/trends/embed/"" }); </script>"
46,Place Of Assembly,Function/Conference/Exhibition Centre,Melbourne Convention Centre,144.9522883,-37.82490405,"<script type=""text/javascript"" src=""https://ssl.gstatic.com/trends_nrtr/2674_RC03/embed_loader.js""></script>
<script type=""text/javascript""> trends.embed.renderExploreWidget(""TIMESERIES"", { ""comparisonItem"": [{ ""keyword"": ""Melbourne Convention Centre"", ""geo"": ""AU"", ""time"": ""today 1-m"" }], ""category"": 0, ""property"": """" }, { ""exploreQuery"": ""date=today%201-m&geo=AU&q=Melbourne%20Convention%20Centre"", ""guestPath"": ""https://trends.google.com:443/trends/embed/"" }); </script>"
47,Place Of Assembly,Art Gallery/Museum,Polly Woodside,144.9534781,-37.82425743,"<script type=""text/javascript"" src=""https://ssl.gstatic.com/trends_nrtr/2674_RC03/embed_loader.js""></script>
<script type=""text/javascript""> trends.embed.renderExploreWidget(""TIMESERIES"", { ""comparisonItem"": [{ ""keyword"": ""Polly Woodside"", ""geo"": ""AU"", ""time"": ""today 1-m"" }], ""category"": 0, ""property"": """" }, { ""exploreQuery"": ""date=today%201-m&geo=AU&q=Polly%20Woodside"", ""guestPath"": ""https://trends.google.com:443/trends/embed/"" }); </script>"
48,Place Of Assembly,Art Gallery/Museum,Australian Centre for Contemporary Art,144.9672529,-37.82660454,"<script type=""text/javascript"" src=""https://ssl.gstatic.com/trends_nrtr/2674_RC03/embed_loader.js""></script>
<script type=""text/javascript""> trends.embed.renderExploreWidget(""TIMESERIES"", { ""comparisonItem"": [{ ""keyword"": ""Australian Centre for Contemporary Art"", ""geo"": ""AU"", ""time"": ""today 1-m"" }], ""category"": 0, ""property"": """" }, { ""exploreQuery"": ""date=today%201-m&geo=AU&q=Australian%20Centre%20for%20Contemporary%20Art"", ""guestPath"": ""https://trends.google.com:443/trends/embed/"" }); </script>"
49,Place Of Assembly,Theatre Live,Malthouse Theatre,144.9669368,-37.8271768,"<script type=""text/javascript"" src=""https://ssl.gstatic.com/trends_nrtr/2674_RC03/embed_loader.js""></script>
<script type=""text/javascript""> trends.embed.renderExploreWidget(""TIMESERIES"", { ""comparisonItem"": [{ ""keyword"": ""Malthouse Theatre"", ""geo"": ""AU"", ""time"": ""today 1-m"" }], ""category"": 0, ""property"": """" }, { ""exploreQuery"": ""date=today%201-m&geo=AU&q=Malthouse%20Theatre"", ""guestPath"": ""https://trends.google.com:443/trends/embed/"" }); </script>"
50,Place of Worship,Church,St Patricks Cathedral,144.9759015,-37.8101141,"<script type=""text/javascript"" src=""https://ssl.gstatic.com/trends_nrtr/2674_RC03/embed_loader.js""></script>
<script type=""text/javascript""> trends.embed.renderExploreWidget(""TIMESERIES"", { ""comparisonItem"": [{ ""keyword"": ""St Patricks Cathedral"", ""geo"": ""AU"", ""time"": ""today 1-m"" }], ""category"": 0, ""property"": """" }, { ""exploreQuery"": ""date=today%201-m&geo=AU&q=St%20Patricks%20Cathedral"", ""guestPath"": ""https://trends.google.com:443/trends/embed/"" }); </script>"
51,Place Of Assembly,Art Gallery/Museum,Victorian Arts Centre,144.9688373,-37.82199473,"<script type=""text/javascript"" src=""https://ssl.gstatic.com/trends_nrtr/2674_RC03/embed_loader.js""></script>
<script type=""text/javascript""> trends.embed.renderExploreWidget(""TIMESERIES"", { ""comparisonItem"": [{ ""keyword"": ""Victorian Arts Centre"", ""geo"": ""AU"", ""time"": ""today 1-m"" }], ""category"": 0, ""property"": """" }, { ""exploreQuery"": ""date=today%201-m&geo=AU&q=Victorian%20Arts%20Centre"", ""guestPath"": ""https://trends.google.com:443/trends/embed/"" }); </script>"
52,Casino,Casino,Crown Entertainment Complex,144.9573129,-37.82357611,"<script type=""text/javascript"" src=""https://ssl.gstatic.com/trends_nrtr/2674_RC03/embed_loader.js""></script>
<script type=""text/javascript""> trends.embed.renderExploreWidget(""TIMESERIES"", { ""comparisonItem"": [{ ""keyword"": ""Crown Entertainment Complex"", ""geo"": ""AU"", ""time"": ""today 1-m"" }], ""category"": 0, ""property"": """" }, { ""exploreQuery"": ""date=today%201-m&geo=AU&q=Crown%20Entertainment%20Complex"", ""guestPath"": ""https://trends.google.com:443/trends/embed/"" }); </script>"
53,Place Of Assembly,Art Gallery/Museum,The Ian Potter Centre: NGV Australia,144.969899,-37.81748314,"<script type=""text/javascript"" src=""https://ssl.gstatic.com/trends_nrtr/2674_RC03/embed_loader.js""></script>
<script type=""text/javascript""> trends.embed.renderExploreWidget(""TIMESERIES"", { ""comparisonItem"": [{ ""keyword"": ""The Ian Potter Centre: NGV Australia"", ""geo"": ""AU"", ""time"": ""today 1-m"" }], ""category"": 0, ""property"": """" }, { ""exploreQuery"": ""date=today%201-m&geo=AU&q=The%20Ian%20Potter%20Centre:%20NGV%20Australia"", ""guestPath"": ""https://trends.google.com:443/trends/embed/"" }); </script>"
54,Place Of Assembly,Art Gallery/Museum,Thoroughbred Racing Gallery,144.9839701,-37.81886627,"<script type=""text/javascript"" src=""https://ssl.gstatic.com/trends_nrtr/2674_RC03/embed_loader.js""></script>
<script type=""text/javascript""> trends.embed.renderExploreWidget(""TIMESERIES"", { ""comparisonItem"": [{ ""keyword"": ""Thoroughbred Racing Gallery"", ""geo"": ""AU"", ""time"": ""today 1-m"" }], ""category"": 0, ""property"": """" }, { ""exploreQuery"": ""date=today%201-m&geo=AU&q=Thoroughbred%20Racing%20Gallery"", ""guestPath"": ""https://trends.google.com:443/trends/embed/"" }); </script>"
55,Leisure/Recreation,Major Sports & Recreation Facility,AAMI Park,144.983803,-37.82472527,"<script type=""text/javascript"" src=""https://ssl.gstatic.com/trends_nrtr/2674_RC03/embed_loader.js""></script>
<script type=""text/javascript""> trends.embed.renderExploreWidget(""TIMESERIES"", { ""comparisonItem"": [{ ""keyword"": ""AAMI Park"", ""geo"": ""AU"", ""time"": ""today 1-m"" }], ""category"": 0, ""property"": """" }, { ""exploreQuery"": ""date=today%201-m&geo=AU&q=AAMI%20Park"", ""guestPath"": ""https://trends.google.com:443/trends/embed/"" }); </script>"
56,Transport,Marina,New Quay Marina,144.9422837,-37.81529255,"<script type=""text/javascript"" src=""https://ssl.gstatic.com/trends_nrtr/2674_RC03/embed_loader.js""></script>
<script type=""text/javascript""> trends.embed.renderExploreWidget(""TIMESERIES"", { ""comparisonItem"": [{ ""keyword"": ""New Quay Marina"", ""geo"": ""AU"", ""time"": ""today 1-m"" }], ""category"": 0, ""property"": """" }, { ""exploreQuery"": ""date=today%201-m&geo=AU&q=New%20Quay%20Marina"", ""guestPath"": ""https://trends.google.com:443/trends/embed/"" }); </script>"
57,Place Of Assembly,Function/Conference/Exhibition Centre,Central Pier,144.943475,-37.81651773,"<script type=""text/javascript"" src=""https://ssl.gstatic.com/trends_nrtr/2674_RC03/embed_loader.js""></script>
<script type=""text/javascript""> trends.embed.renderExploreWidget(""TIMESERIES"", { ""comparisonItem"": [{ ""keyword"": ""Central Pier"", ""geo"": ""AU"", ""time"": ""today 1-m"" }], ""category"": 0, ""property"": """" }, { ""exploreQuery"": ""date=today%201-m&geo=AU&q=Central%20Pier"", ""guestPath"": ""https://trends.google.com:443/trends/embed/"" }); </script>"
58,Observation Tower/Wheel,Observation Tower/Wheel,Melbourne Star Observation Wheel,144.9375889,-37.81161637,"<script type=""text/javascript"" src=""https://ssl.gstatic.com/trends_nrtr/2674_RC03/embed_loader.js""></script>
<script type=""text/javascript""> trends.embed.renderExploreWidget(""TIMESERIES"", { ""comparisonItem"": [{ ""keyword"": ""Melbourne Star Observation Wheel"", ""geo"": ""AU"", ""time"": ""today 1-m"" }], ""category"": 0, ""property"": """" }, { ""exploreQuery"": ""date=today%201-m&geo=AU&q=Melbourne%20Star%20Observation%20Wheel"", ""guestPath"": ""https://trends.google.com:443/trends/embed/"" }); </script>"
59,Place Of Assembly,Art Gallery/Museum,Fox Classic Car Collection,144.9484967,-37.82137443,"<script type=""text/javascript"" src=""https://ssl.gstatic.com/trends_nrtr/2674_RC03/embed_loader.js""></script>
<script type=""text/javascript""> trends.embed.renderExploreWidget(""TIMESERIES"", { ""comparisonItem"": [{ ""keyword"": ""Fox Classic Car Collection"", ""geo"": ""AU"", ""time"": ""today 1-m"" }], ""category"": 0, ""property"": """" }, { ""exploreQuery"": ""date=today%201-m&geo=AU&q=Fox%20Classic%20Car%20Collection"", ""guestPath"": ""https://trends.google.com:443/trends/embed/"" }); </script>"
60,Leisure/Recreation,"Outdoor Recreation Facility (Zoo, Golf Course)",Wonderland Park,144.9368337,-37.81169454,"<script type=""text/javascript"" src=""https://ssl.gstatic.com/trends_nrtr/2674_RC03/embed_loader.js""></script>
<script type=""text/javascript""> trends.embed.renderExploreWidget(""TIMESERIES"", { ""comparisonItem"": [{ ""keyword"": ""Wonderland Park"", ""geo"": ""AU"", ""time"": ""today 1-m"" }], ""category"": 0, ""property"": """" }, { ""exploreQuery"": ""date=today%201-m&geo=AU&q=Wonderland%20Park"", ""guestPath"": ""https://trends.google.com:443/trends/embed/"" }); </script>"
61,Leisure/Recreation,Major Sports & Recreation Facility,Rod Laver Arena,144.9784872,-37.82204561,"<script type=""text/javascript"" src=""https://ssl.gstatic.com/trends_nrtr/2674_RC03/embed_loader.js""></script>
<script type=""text/javascript""> trends.embed.renderExploreWidget(""TIMESERIES"", { ""comparisonItem"": [{ ""keyword"": ""Rod Laver Arena"", ""geo"": ""AU"", ""time"": ""today 1-m"" }], ""category"": 0, ""property"": """" }, { ""exploreQuery"": ""date=today%201-m&geo=AU&q=Rod%20Laver%20Arena"", ""guestPath"": ""https://trends.google.com:443/trends/embed/"" }); </script>"
62,Leisure/Recreation,Major Sports & Recreation Facility,Melbourne Park,144.9787358,-37.8209086,"<script type=""text/javascript"" src=""https://ssl.gstatic.com/trends_nrtr/2674_RC03/embed_loader.js""></script>
<script type=""text/javascript""> trends.embed.renderExploreWidget(""TIMESERIES"", { ""comparisonItem"": [{ ""keyword"": ""Melbourne Park"", ""geo"": ""AU"", ""time"": ""today 1-m"" }], ""category"": 0, ""property"": """" }, { ""exploreQuery"": ""date=today%201-m&geo=AU&q=Melbourne%20Park"", ""guestPath"": ""https://trends.google.com:443/trends/embed/"" }); </script>"
63,Leisure/Recreation,Major Sports & Recreation Facility,Margaret Court Arena,144.9775911,-37.82132521,"<script type=""text/javascript"" src=""https://ssl.gstatic.com/trends_nrtr/2674_RC03/embed_loader.js""></script>
<script type=""text/javascript""> trends.embed.renderExploreWidget(""TIMESERIES"", { ""comparisonItem"": [{ ""keyword"": ""Margaret Court Arena"", ""geo"": ""AU"", ""time"": ""today 1-m"" }], ""category"": 0, ""property"": """" }, { ""exploreQuery"": ""date=today%201-m&geo=AU&q=Margaret%20Court%20Arena"", ""guestPath"": ""https://trends.google.com:443/trends/embed/"" }); </script>"
64,Leisure/Recreation,Major Sports & Recreation Facility,Hisense Arena,144.9818348,-37.82311,"<script type=""text/javascript"" src=""https://ssl.gstatic.com/trends_nrtr/2674_RC03/embed_loader.js""></script>
<script type=""text/javascript""> trends.embed.renderExploreWidget(""TIMESERIES"", { ""comparisonItem"": [{ ""keyword"": ""Hisense Arena"", ""geo"": ""AU"", ""time"": ""today 1-m"" }], ""category"": 0, ""property"": """" }, { ""exploreQuery"": ""date=today%201-m&geo=AU&q=Hisense%20Arena"", ""guestPath"": ""https://trends.google.com:443/trends/embed/"" }); </script>"
65,Place Of Assembly,Art Gallery/Museum,Melbourne Museum,144.9716907,-37.80355181,"<script type=""text/javascript"" src=""https://ssl.gstatic.com/trends_nrtr/2674_RC03/embed_loader.js""></script>
<script type=""text/javascript""> trends.embed.renderExploreWidget(""TIMESERIES"", { ""comparisonItem"": [{ ""keyword"": ""Melbourne Museum"", ""geo"": ""AU"", ""time"": ""today 1-m"" }], ""category"": 0, ""property"": """" }, { ""exploreQuery"": ""date=today%201-m&geo=AU&q=Melbourne%20Museum"", ""guestPath"": ""https://trends.google.com:443/trends/embed/"" }); </script>"
66,Place Of Assembly,Cinema,IMAX Melbourne,144.9706399,-37.80343156,"<script type=""text/javascript"" src=""https://ssl.gstatic.com/trends_nrtr/2674_RC03/embed_loader.js""></script>
<script type=""text/javascript""> trends.embed.renderExploreWidget(""TIMESERIES"", { ""comparisonItem"": [{ ""keyword"": ""IMAX Melbourne"", ""geo"": ""AU"", ""time"": ""today 1-m"" }], ""category"": 0, ""property"": """" }, { ""exploreQuery"": ""date=today%201-m&geo=AU&q=IMAX%20Melbourne"", ""guestPath"": ""https://trends.google.com:443/trends/embed/"" }); </script>"
67,Place Of Assembly,Theatre Live,MTC Theatre,144.9681744,-37.82426618,"<script type=""text/javascript"" src=""https://ssl.gstatic.com/trends_nrtr/2674_RC03/embed_loader.js""></script>
<script type=""text/javascript""> trends.embed.renderExploreWidget(""TIMESERIES"", { ""comparisonItem"": [{ ""keyword"": ""MTC Theatre"", ""geo"": ""AU"", ""time"": ""today 1-m"" }], ""category"": 0, ""property"": """" }, { ""exploreQuery"": ""date=today%201-m&geo=AU&q=MTC%20Theatre"", ""guestPath"": ""https://trends.google.com:443/trends/embed/"" }); </script>"
68,Place Of Assembly,Theatre Live,Hamer Hall,144.9679921,-37.8199901,"<script type=""text/javascript"" src=""https://ssl.gstatic.com/trends_nrtr/2674_RC03/embed_loader.js""></script>
<script type=""text/javascript""> trends.embed.renderExploreWidget(""TIMESERIES"", { ""comparisonItem"": [{ ""keyword"": ""Hamer Hall"", ""geo"": ""AU"", ""time"": ""today 1-m"" }], ""category"": 0, ""property"": """" }, { ""exploreQuery"": ""date=today%201-m&geo=AU&q=Hamer%20Hall"", ""guestPath"": ""https://trends.google.com:443/trends/embed/"" }); </script>"
69,Leisure/Recreation,Indoor Recreation Facility,Artplay,144.9715426,-37.81841988,"<script type=""text/javascript"" src=""https://ssl.gstatic.com/trends_nrtr/2674_RC03/embed_loader.js""></script>
<script type=""text/javascript""> trends.embed.renderExploreWidget(""TIMESERIES"", { ""comparisonItem"": [{ ""keyword"": ""Artplay"", ""geo"": ""AU"", ""time"": ""today 1-m"" }], ""category"": 0, ""property"": """" }, { ""exploreQuery"": ""date=today%201-m&geo=AU&q=Artplay"", ""guestPath"": ""https://trends.google.com:443/trends/embed/"" }); </script>"
70,Place Of Assembly,Art Gallery/Museum,National Sports Museum,144.9846698,-37.81895449,"<script type=""text/javascript"" src=""https://ssl.gstatic.com/trends_nrtr/2674_RC03/embed_loader.js""></script>
<script type=""text/javascript""> trends.embed.renderExploreWidget(""TIMESERIES"", { ""comparisonItem"": [{ ""keyword"": ""National Sports Museum"", ""geo"": ""AU"", ""time"": ""today 1-m"" }], ""category"": 0, ""property"": """" }, { ""exploreQuery"": ""date=today%201-m&geo=AU&q=National%20Sports%20Museum"", ""guestPath"": ""https://trends.google.com:443/trends/embed/"" }); </script>"
71,Leisure/Recreation,Indoor Recreation Facility,Icehouse,144.935684,-37.81218812,"<script type=""text/javascript"" src=""https://ssl.gstatic.com/trends_nrtr/2674_RC03/embed_loader.js""></script>
<script type=""text/javascript""> trends.embed.renderExploreWidget(""TIMESERIES"", { ""comparisonItem"": [{ ""keyword"": ""Icehouse"", ""geo"": ""AU"", ""time"": ""today 1-m"" }], ""category"": 0, ""property"": """" }, { ""exploreQuery"": ""date=today%201-m&geo=AU&q=Icehouse"", ""guestPath"": ""https://trends.google.com:443/trends/embed/"" }); </script>"
72,Place Of Assembly,Theatre Live,Athanaeum Theatre,144.9673225,-37.81495435,"<script type=""text/javascript"" src=""https://ssl.gstatic.com/trends_nrtr/2674_RC03/embed_loader.js""></script>
<script type=""text/javascript""> trends.embed.renderExploreWidget(""TIMESERIES"", { ""comparisonItem"": [{ ""keyword"": ""Athanaeum Theatre"", ""geo"": ""AU"", ""time"": ""today 1-m"" }], ""category"": 0, ""property"": """" }, { ""exploreQuery"": ""date=today%201-m&geo=AU&q=Athanaeum%20Theatre"", ""guestPath"": ""https://trends.google.com:443/trends/embed/"" }); </script>"
73,Leisure/Recreation,"Outdoor Recreation Facility (Zoo, Golf Course)",Riverside Park,144.9156071,-37.79483753,"<script type=""text/javascript"" src=""https://ssl.gstatic.com/trends_nrtr/2674_RC03/embed_loader.js""></script>
<script type=""text/javascript""> trends.embed.renderExploreWidget(""TIMESERIES"", { ""comparisonItem"": [{ ""keyword"": ""Riverside Park"", ""geo"": ""AU"", ""time"": ""today 1-m"" }], ""category"": 0, ""property"": """" }, { ""exploreQuery"": ""date=today%201-m&geo=AU&q=Riverside%20Park"", ""guestPath"": ""https://trends.google.com:443/trends/embed/"" }); </script>"
74,Place Of Assembly,Theatre Live,Carlton Courthouse Theatre,144.9687501,-37.79765899,"<script type=""text/javascript"" src=""https://ssl.gstatic.com/trends_nrtr/2674_RC03/embed_loader.js""></script>
<script type=""text/javascript""> trends.embed.renderExploreWidget(""TIMESERIES"", { ""comparisonItem"": [{ ""keyword"": ""Carlton Courthouse Theatre"", ""geo"": ""AU"", ""time"": ""today 1-m"" }], ""category"": 0, ""property"": """" }, { ""exploreQuery"": ""date=today%201-m&geo=AU&q=Carlton%20Courthouse%20Theatre"", ""guestPath"": ""https://trends.google.com:443/trends/embed/"" }); </script>"
75,Leisure/Recreation,"Outdoor Recreation Facility (Zoo, Golf Course)",Melbourne Showgrounds,144.9108221,-37.78230979,"<script type=""text/javascript"" src=""https://ssl.gstatic.com/trends_nrtr/2674_RC03/embed_loader.js""></script>
<script type=""text/javascript""> trends.embed.renderExploreWidget(""TIMESERIES"", { ""comparisonItem"": [{ ""keyword"": ""Melbourne Showgrounds"", ""geo"": ""AU"", ""time"": ""today 1-m"" }], ""category"": 0, ""property"": """" }, { ""exploreQuery"": ""date=today%201-m&geo=AU&q=Melbourne%20Showgrounds"", ""guestPath"": ""https://trends.google.com:443/trends/embed/"" }); </script>"
76,Place Of Assembly,Theatre Live,Her Majesty's Theatre,144.9695202,-37.81099756,"<script type=""text/javascript"" src=""https://ssl.gstatic.com/trends_nrtr/2674_RC03/embed_loader.js""></script>
<script type=""text/javascript""> trends.embed.renderExploreWidget(""TIMESERIES"", { ""comparisonItem"": [{ ""keyword"": ""Her Majesty's Theatre"", ""geo"": ""AU"", ""time"": ""today 1-m"" }], ""category"": 0, ""property"": """" }, { ""exploreQuery"": ""date=today%201-m&geo=AU&q=Her%20Majestys%20Theatre"", ""guestPath"": ""https://trends.google.com:443/trends/embed/"" }); </script>"
77,Place Of Assembly,Theatre Live,Comedy Theatre,144.9701331,-37.81020539,"<script type=""text/javascript"" src=""https://ssl.gstatic.com/trends_nrtr/2674_RC03/embed_loader.js""></script>
<script type=""text/javascript""> trends.embed.renderExploreWidget(""TIMESERIES"", { ""comparisonItem"": [{ ""keyword"": ""Comedy Theatre"", ""geo"": ""AU"", ""time"": ""today 1-m"" }], ""category"": 0, ""property"": """" }, { ""exploreQuery"": ""date=today%201-m&geo=AU&q=Comedy%20Theatre"", ""guestPath"": ""https://trends.google.com:443/trends/embed/"" }); </script>"
78,Place Of Assembly,Theatre Live,La Mama Theatre,144.9676695,-37.7991305,"<script type=""text/javascript"" src=""https://ssl.gstatic.com/trends_nrtr/2674_RC03/embed_loader.js""></script>
<script type=""text/javascript""> trends.embed.renderExploreWidget(""TIMESERIES"", { ""comparisonItem"": [{ ""keyword"": ""La Mama Theatre"", ""geo"": ""AU"", ""time"": ""today 1-m"" }], ""category"": 0, ""property"": """" }, { ""exploreQuery"": ""date=today%201-m&geo=AU&q=La%20Mama%20Theatre"", ""guestPath"": ""https://trends.google.com:443/trends/embed/"" }); </script>"
79,Place Of Assembly,Art Gallery/Museum,Sinclair's Cottage,144.980555,-37.81454075,"<script type=""text/javascript"" src=""https://ssl.gstatic.com/trends_nrtr/2674_RC03/embed_loader.js""></script>
<script type=""text/javascript""> trends.embed.renderExploreWidget(""TIMESERIES"", { ""comparisonItem"": [{ ""keyword"": ""Sinclair's Cottage"", ""geo"": ""AU"", ""time"": ""today 1-m"" }], ""category"": 0, ""property"": """" }, { ""exploreQuery"": ""date=today%201-m&geo=AU&q=Sinclairs%20Cottage"", ""guestPath"": ""https://trends.google.com:443/trends/embed/"" }); </script>"
80,Education Centre,Tertiary (University),BIO 21 Institute,144.9537803,-37.79787433,"<script type=""text/javascript"" src=""https://ssl.gstatic.com/trends_nrtr/2674_RC03/embed_loader.js""></script>
<script type=""text/javascript""> trends.embed.renderExploreWidget(""TIMESERIES"", { ""comparisonItem"": [{ ""keyword"": ""BIO 21 Institute"", ""geo"": ""AU"", ""time"": ""today 1-m"" }], ""category"": 0, ""property"": """" }, { ""exploreQuery"": ""date=today%201-m&geo=AU&q=BIO%2021%20Institute"", ""guestPath"": ""https://trends.google.com:443/trends/embed/"" }); </script>"
81,Place Of Assembly,Art Gallery/Museum,Victoria Police Museum,144.95404,-37.82221828,"<script type=""text/javascript"" src=""https://ssl.gstatic.com/trends_nrtr/2674_RC03/embed_loader.js""></script>
<script type=""text/javascript""> trends.embed.renderExploreWidget(""TIMESERIES"", { ""comparisonItem"": [{ ""keyword"": ""Victoria Police Museum"", ""geo"": ""AU"", ""time"": ""today 1-m"" }], ""category"": 0, ""property"": """" }, { ""exploreQuery"": ""date=today%201-m&geo=AU&q=Victoria%20Police%20Museum"", ""guestPath"": ""https://trends.google.com:443/trends/embed/"" }); </script>"
82,Place Of Assembly,Art Gallery/Museum,Immigration Museum,144.9604268,-37.81917988,"<script type=""text/javascript"" src=""https://ssl.gstatic.com/trends_nrtr/2674_RC03/embed_loader.js""></script>
<script type=""text/javascript""> trends.embed.renderExploreWidget(""TIMESERIES"", { ""comparisonItem"": [{ ""keyword"": ""Immigration Museum"", ""geo"": ""AU"", ""time"": ""today 1-m"" }], ""category"": 0, ""property"": """" }, { ""exploreQuery"": ""date=today%201-m&geo=AU&q=Immigration%20Museum"", ""guestPath"": ""https://trends.google.com:443/trends/embed/"" }); </script>"
83,Place of Worship,Church,St Pauls Cathedral,144.9676816,-37.8169549,"<script type=""text/javascript"" src=""https://ssl.gstatic.com/trends_nrtr/2674_RC03/embed_loader.js""></script>
<script type=""text/javascript""> trends.embed.renderExploreWidget(""TIMESERIES"", { ""comparisonItem"": [{ ""keyword"": ""St Pauls Cathedral"", ""geo"": ""AU"", ""time"": ""today 1-m"" }], ""category"": 0, ""property"": """" }, { ""exploreQuery"": ""date=today%201-m&geo=AU&q=St%20Pauls%20Cathedral"", ""guestPath"": ""https://trends.google.com:443/trends/embed/"" }); </script>"
84,Place Of Assembly,Theatre Live,Forum Theatre,144.9693866,-37.81648541,"<script type=""text/javascript"" src=""https://ssl.gstatic.com/trends_nrtr/2674_RC03/embed_loader.js""></script>
<script type=""text/javascript""> trends.embed.renderExploreWidget(""TIMESERIES"", { ""comparisonItem"": [{ ""keyword"": ""Forum Theatre"", ""geo"": ""AU"", ""time"": ""today 1-m"" }], ""category"": 0, ""property"": """" }, { ""exploreQuery"": ""date=today%201-m&geo=AU&q=Forum%20Theatre"", ""guestPath"": ""https://trends.google.com:443/trends/embed/"" }); </script>"
85,Place Of Assembly,Art Gallery/Museum,Fire Services Museum Victoria,144.9753737,-37.80857613,"<script type=""text/javascript"" src=""https://ssl.gstatic.com/trends_nrtr/2674_RC03/embed_loader.js""></script>
<script type=""text/javascript""> trends.embed.renderExploreWidget(""TIMESERIES"", { ""comparisonItem"": [{ ""keyword"": ""Fire Services Museum Victoria"", ""geo"": ""AU"", ""time"": ""today 1-m"" }], ""category"": 0, ""property"": """" }, { ""exploreQuery"": ""date=today%201-m&geo=AU&q=Fire%20Services%20Museum%20Victoria"", ""guestPath"": ""https://trends.google.com:443/trends/embed/"" }); </script>"
86,Place Of Assembly,Art Gallery/Museum,The Ian Potter Museum Of Art,144.9641567,-37.79739396,"<script type=""text/javascript"" src=""https://ssl.gstatic.com/trends_nrtr/2674_RC03/embed_loader.js""></script>
<script type=""text/javascript""> trends.embed.renderExploreWidget(""TIMESERIES"", { ""comparisonItem"": [{ ""keyword"": ""The Ian Potter Museum Of Art"", ""geo"": ""AU"", ""time"": ""today 1-m"" }], ""category"": 0, ""property"": """" }, { ""exploreQuery"": ""date=today%201-m&geo=AU&q=The%20Ian%20Potter%20Museum%20Of%20Art"", ""guestPath"": ""https://trends.google.com:443/trends/embed/"" }); </script>"
87,Education Centre,Tertiary (University),University of Melbourne,144.9609952,-37.79828923,"<script type=""text/javascript"" src=""https://ssl.gstatic.com/trends_nrtr/2674_RC03/embed_loader.js""></script>
<script type=""text/javascript""> trends.embed.renderExploreWidget(""TIMESERIES"", { ""comparisonItem"": [{ ""keyword"": ""University of Melbourne"", ""geo"": ""AU"", ""time"": ""today 1-m"" }], ""category"": 0, ""property"": """" }, { ""exploreQuery"": ""date=today%201-m&geo=AU&q=University%20of%20Melbourne"", ""guestPath"": ""https://trends.google.com:443/trends/embed/"" }); </script>"
88,Place Of Assembly,Art Gallery/Museum,Koorie Heritage Trust Inc,144.9540279,-37.81338543,"<script type=""text/javascript"" src=""https://ssl.gstatic.com/trends_nrtr/2674_RC03/embed_loader.js""></script>
<script type=""text/javascript""> trends.embed.renderExploreWidget(""TIMESERIES"", { ""comparisonItem"": [{ ""keyword"": ""Koorie Heritage Trust Inc"", ""geo"": ""AU"", ""time"": ""today 1-m"" }], ""category"": 0, ""property"": """" }, { ""exploreQuery"": ""date=today%201-m&geo=AU&q=Koorie%20Heritage%20Trust%20Inc"", ""guestPath"": ""https://trends.google.com:443/trends/embed/"" }); </script>"
89,Education Centre,Tertiary (University),RMIT University,144.964453,-37.80807954,"<script type=""text/javascript"" src=""https://ssl.gstatic.com/trends_nrtr/2674_RC03/embed_loader.js""></script>
<script type=""text/javascript""> trends.embed.renderExploreWidget(""TIMESERIES"", { ""comparisonItem"": [{ ""keyword"": ""RMIT University"", ""geo"": ""AU"", ""time"": ""today 1-m"" }], ""category"": 0, ""property"": """" }, { ""exploreQuery"": ""date=today%201-m&geo=AU&q=RMIT%20University"", ""guestPath"": ""https://trends.google.com:443/trends/embed/"" }); </script>"
90,Leisure/Recreation,Major Sports & Recreation Facility,North Melbourne Recreation Centre (Aquatic),144.9432908,-37.799947,"<script type=""text/javascript"" src=""https://ssl.gstatic.com/trends_nrtr/2674_RC03/embed_loader.js""></script>
<script type=""text/javascript""> trends.embed.renderExploreWidget(""TIMESERIES"", { ""comparisonItem"": [{ ""keyword"": ""North Melbourne Recreation Centre (Aquatic)"", ""geo"": ""AU"", ""time"": ""today 1-m"" }], ""category"": 0, ""property"": """" }, { ""exploreQuery"": ""date=today%201-m&geo=AU&q=North%20Melbourne%20Recreation%20Centre%20"", ""guestPath"": ""https://trends.google.com:443/trends/embed/"" }); </script>"
91,Leisure/Recreation,Indoor Recreation Facility,Carlton Baths,144.9716965,-37.7934377,"<script type=""text/javascript"" src=""https://ssl.gstatic.com/trends_nrtr/2674_RC03/embed_loader.js""></script>
<script type=""text/javascript""> trends.embed.renderExploreWidget(""TIMESERIES"", { ""comparisonItem"": [{ ""keyword"": ""Carlton Baths"", ""geo"": ""AU"", ""time"": ""today 1-m"" }], ""category"": 0, ""property"": """" }, { ""exploreQuery"": ""date=today%201-m&geo=AU&q=Carlton%20Baths"", ""guestPath"": ""https://trends.google.com:443/trends/embed/"" }); </script>"
92,Leisure/Recreation,Major Sports & Recreation Facility,City Baths,144.9631898,-37.80715854,"<script type=""text/javascript"" src=""https://ssl.gstatic.com/trends_nrtr/2674_RC03/embed_loader.js""></script>
<script type=""text/javascript""> trends.embed.renderExploreWidget(""TIMESERIES"", { ""comparisonItem"": [{ ""keyword"": ""City Baths"", ""geo"": ""AU"", ""time"": ""today 1-m"" }], ""category"": 0, ""property"": """" }, { ""exploreQuery"": ""date=today%201-m&geo=AU&q=City%20Baths"", ""guestPath"": ""https://trends.google.com:443/trends/embed/"" }); </script>"
93,Place Of Assembly,Art Gallery/Museum,Cooks' Cottage,144.9794713,-37.81446049,"<script type=""text/javascript"" src=""https://ssl.gstatic.com/trends_nrtr/2674_RC03/embed_loader.js""></script>
<script type=""text/javascript""> trends.embed.renderExploreWidget(""TIMESERIES"", { ""comparisonItem"": [{ ""keyword"": ""Cooks' Cottage"", ""geo"": ""AU"", ""time"": ""today 1-m"" }], ""category"": 0, ""property"": """" }, { ""exploreQuery"": ""date=today%201-m&geo=AU&q=Cooks%20Cottage"", ""guestPath"": ""https://trends.google.com:443/trends/embed/"" }); </script>"
94,Aquarium,Aquarium,Melbourne Aquarium,144.9584257,-37.82096278,"<script type=""text/javascript"" src=""https://ssl.gstatic.com/trends_nrtr/2674_RC03/embed_loader.js""></script>
<script type=""text/javascript""> trends.embed.renderExploreWidget(""TIMESERIES"", { ""comparisonItem"": [{ ""keyword"": ""Melbourne Aquarium"", ""geo"": ""AU"", ""time"": ""today 1-m"" }], ""category"": 0, ""property"": """" }, { ""exploreQuery"": ""date=today%201-m&geo=AU&q=Melbourne%20Aquarium"", ""guestPath"": ""https://trends.google.com:443/trends/embed/"" }); </script>"
95,Leisure/Recreation,Major Sports & Recreation Facility,Westpac Centre,144.9797203,-37.82424569,"<script type=""text/javascript"" src=""https://ssl.gstatic.com/trends_nrtr/2674_RC03/embed_loader.js""></script>
<script type=""text/javascript""> trends.embed.renderExploreWidget(""TIMESERIES"", { ""comparisonItem"": [{ ""keyword"": ""Westpac Centre"", ""geo"": ""AU"", ""time"": ""today 1-m"" }], ""category"": 0, ""property"": """" }, { ""exploreQuery"": ""date=today%201-m&geo=AU&q=Westpac%20Centre"", ""guestPath"": ""https://trends.google.com:443/trends/embed/"" }); </script>"
96,Place Of Assembly,Art Gallery/Museum,Royal Exhibition Building,144.9715219,-37.80460262,"<script type=""text/javascript"" src=""https://ssl.gstatic.com/trends_nrtr/2674_RC03/embed_loader.js""></script>
<script type=""text/javascript""> trends.embed.renderExploreWidget(""TIMESERIES"", { ""comparisonItem"": [{ ""keyword"": ""Royal Exhibition Building"", ""geo"": ""AU"", ""time"": ""today 1-m"" }], ""category"": 0, ""property"": """" }, { ""exploreQuery"": ""date=today%201-m&geo=AU&q=Royal%20Exhibition%20Building"", ""guestPath"": ""https://trends.google.com:443/trends/embed/"" }); </script>"
97,Leisure/Recreation,Major Sports & Recreation Facility,Etihad Stadium,144.9474963,-37.81617605,"<script type=""text/javascript"" src=""https://ssl.gstatic.com/trends_nrtr/2674_RC03/embed_loader.js""></script>
<script type=""text/javascript""> trends.embed.renderExploreWidget(""TIMESERIES"", { ""comparisonItem"": [{ ""keyword"": ""Etihad Stadium"", ""geo"": ""AU"", ""time"": ""today 1-m"" }], ""category"": 0, ""property"": """" }, { ""exploreQuery"": ""date=today%201-m&geo=AU&q=Etihad%20Stadium"", ""guestPath"": ""https://trends.google.com:443/trends/embed/"" }); </script>"
98,Observation Tower/Wheel,Observation Tower/Wheel,Eureka Skydeck 88,144.9646222,-37.82161876,"<script type=""text/javascript"" src=""https://ssl.gstatic.com/trends_nrtr/2674_RC03/embed_loader.js""></script>
<script type=""text/javascript""> trends.embed.renderExploreWidget(""TIMESERIES"", { ""comparisonItem"": [{ ""keyword"": ""Eureka Skydeck 88"", ""geo"": ""AU"", ""time"": ""today 1-m"" }], ""category"": 0, ""property"": """" }, { ""exploreQuery"": ""date=today%201-m&geo=AU&q=Eureka%20Skydeck%2088"", ""guestPath"": ""https://trends.google.com:443/trends/embed/"" }); </script>"
99,Community Use,Visitor Centre,Melbourne Visitor Centre,144.9679371,-37.81773524,"<script type=""text/javascript"" src=""https://ssl.gstatic.com/trends_nrtr/2674_RC03/embed_loader.js""></script>
<script type=""text/javascript""> trends.embed.renderExploreWidget(""TIMESERIES"", { ""comparisonItem"": [{ ""keyword"": ""Melbourne Visitor Centre"", ""geo"": ""AU"", ""time"": ""today 1-m"" }], ""category"": 0, ""property"": """" }, { ""exploreQuery"": ""date=today%201-m&geo=AU&q=Melbourne%20Visitor%20Centre"", ""guestPath"": ""https://trends.google.com:443/trends/embed/"" }); </script>"
100,Place Of Assembly,Art Gallery/Museum,Australian Centre For The Moving Image (ACMI),144.9690704,-37.81761073,"<script type=""text/javascript"" src=""https://ssl.gstatic.com/trends_nrtr/2674_RC03/embed_loader.js""></script>
<script type=""text/javascript""> trends.embed.renderExploreWidget(""TIMESERIES"", { ""comparisonItem"": [{ ""keyword"": ""Australian Centre For The Moving Image (ACMI)"", ""geo"": ""AU"", ""time"": ""today 1-m"" }], ""category"": 0, ""property"": """" }, { ""exploreQuery"": ""date=today%201-m&geo=AU&q=Australian%20Centre%20For%20The%20Moving%20Image%20"", ""guestPath"": ""https://trends.google.com:443/trends/embed/"" }); </script>"
101,Place Of Assembly,Function/Conference/Exhibition Centre,Dallas Brooks Centre,144.9813834,-37.80973741,"<script type=""text/javascript"" src=""https://ssl.gstatic.com/trends_nrtr/2674_RC03/embed_loader.js""></script>
<script type=""text/javascript""> trends.embed.renderExploreWidget(""TIMESERIES"", { ""comparisonItem"": [{ ""keyword"": ""Dallas Brooks Centre"", ""geo"": ""AU"", ""time"": ""today 1-m"" }], ""category"": 0, ""property"": """" }, { ""exploreQuery"": ""date=today%201-m&geo=AU&q=Dallas%20Brooks%20Centre"", ""guestPath"": ""https://trends.google.com:443/trends/embed/"" }); </script>"
102,Place Of Assembly,Art Gallery/Museum,The Museum Of Australian Chinese History,144.9692339,-37.81076861,"<script type=""text/javascript"" src=""https://ssl.gstatic.com/trends_nrtr/2674_RC03/embed_loader.js""></script>
<script type=""text/javascript""> trends.embed.renderExploreWidget(""TIMESERIES"", { ""comparisonItem"": [{ ""keyword"": ""The Museum Of Australian Chinese History"", ""geo"": ""AU"", ""time"": ""today 1-m"" }], ""category"": 0, ""property"": """" }, { ""exploreQuery"": ""date=today%201-m&geo=AU&q=The%20Museum%20Of%20Australian%20Chinese%20History"", ""guestPath"": ""https://trends.google.com:443/trends/embed/"" }); </script>"
