,Unnamed: 0,Theme,Sub Theme,Feature Name,x,y,January_Popular_Score,February_Popular_Score,March_Popular_Score,April_Popular_Score,May_Popular_Score,June_Popular_Score,July_Popular_Score,August_Popular_Score,September_Popular_Score,October_Popular_Score,November_Popular_Score,December_Popular_Score,query
0,0,Place Of Assembly,Library,The Melbourne Athenaeum Library,144.967291289941,-37.8148855756416,0.0,0.0,0.0,795.519,658.722,1041.297,1184.588,1488.784,921.232,0.0,0.0,0.0,"<script type=""text/javascript"" src=""https://ssl.gstatic.com/trends_nrtr/2674_RC03/embed_loader.js""></script>
<script type=""text/javascript""> trends.embed.renderExploreWidget(""TIMESERIES"", { ""comparisonItem"": [{ ""keyword"": ""The Melbourne Athenaeum Library"", ""geo"": ""AU"", ""time"": ""today 1-m"" }], ""category"": 0, ""property"": """" }, { ""exploreQuery"": ""date=today%201-m&geo=AU&q=The%20Melbourne%20Athenaeum%20Library"", ""guestPath"": ""https://trends.google.com:443/trends/embed/"" }); </script>"
1,1,Place of Worship,Church,St Francis Church,144.962422614541,-37.8118847831837,802.578,386.242,1709.294,1616.407,1459.437,1362.007,1457.735,1593.782,1425.914,1502.119,1452.062,1505.094,"<script type=""text/javascript"" src=""https://ssl.gstatic.com/trends_nrtr/2674_RC03/embed_loader.js""></script>
<script type=""text/javascript""> trends.embed.renderExploreWidget(""TIMESERIES"", { ""comparisonItem"": [{ ""keyword"": ""St Francis Church"", ""geo"": ""AU"", ""time"": ""today 1-m"" }], ""category"": 0, ""property"": """" }, { ""exploreQuery"": ""date=today%201-m&geo=AU&q=St%20Francis%20Church"", ""guestPath"": ""https://trends.google.com:443/trends/embed/"" }); </script>"
2,2,Place of Worship,Church,Wesley Church,144.968168215633,-37.8101576446961,520.174,567.319,711.092,661.834,631.399,562.747,605.643,692.434,617.879,649.882,582.408,645.239,"<script type=""text/javascript"" src=""https://ssl.gstatic.com/trends_nrtr/2674_RC03/embed_loader.js""></script>
<script type=""text/javascript""> trends.embed.renderExploreWidget(""TIMESERIES"", { ""comparisonItem"": [{ ""keyword"": ""Wesley Church"", ""geo"": ""AU"", ""time"": ""today 1-m"" }], ""category"": 0, ""property"": """" }, { ""exploreQuery"": ""date=today%201-m&geo=AU&q=Wesley%20Church"", ""guestPath"": ""https://trends.google.com:443/trends/embed/"" }); </script>"
3,3,Place of Worship,Church,St Augustines Church,144.954862000132,-37.8169741358546,432.8,582.257,625.472,509.585,539.982,525.937,675.739,702.187,459.972,493.464,508.36,392.486,"<script type=""text/javascript"" src=""https://ssl.gstatic.com/trends_nrtr/2674_RC03/embed_loader.js""></script>
<script type=""text/javascript""> trends.embed.renderExploreWidget(""TIMESERIES"", { ""comparisonItem"": [{ ""keyword"": ""St Augustines Church"", ""geo"": ""AU"", ""time"": ""today 1-m"" }], ""category"": 0, ""property"": """" }, { ""exploreQuery"": ""date=today%201-m&geo=AU&q=St%20Augustines%20Church"", ""guestPath"": ""https://trends.google.com:443/trends/embed/"" }); </script>"
4,4,Place of Worship,Church,St James Church,144.952468571683,-37.8101281201969,63.754,60.857,68.588,65.524,61.398,65.31,73.531,71.149,52.489,55.079,70.18,69.408,"<script type=""text/javascript"" src=""https://ssl.gstatic.com/trends_nrtr/2674_RC03/embed_loader.js""></script>
<script type=""text/javascript""> trends.embed.renderExploreWidget(""TIMESERIES"", { ""comparisonItem"": [{ ""keyword"": ""St James Church"", ""geo"": ""AU"", ""time"": ""today 1-m"" }], ""category"": 0, ""property"": """" }, { ""exploreQuery"": ""date=today%201-m&geo=AU&q=St%20James%20Church"", ""guestPath"": ""https://trends.google.com:443/trends/embed/"" }); </script>"
5,5,Place of Worship,Church,St Mary's Anglican Church,144.953761537074,-37.8031663672997,33.678,37.019,56.503,49.429,55.958,38.087,41.258,47.205,42.625,43.334,43.127,33.325,"<script type=""text/javascript"" src=""https://ssl.gstatic.com/trends_nrtr/2674_RC03/embed_loader.js""></script>
<script type=""text/javascript""> trends.embed.renderExploreWidget(""TIMESERIES"", { ""comparisonItem"": [{ ""keyword"": ""St Mary's Anglican Church"", ""geo"": ""AU"", ""time"": ""today 1-m"" }], ""category"": 0, ""property"": """" }, { ""exploreQuery"": ""date=today%201-m&geo=AU&q=St%20Marys%20Anglican%20Church"", ""guestPath"": ""https://trends.google.com:443/trends/embed/"" }); </script>"
6,6,Place of Worship,Church,Romanian Orthodox,144.966986444597,-37.8052307297468,0.0,0.0,0.0,0.0,0.0,0.0,251.27,327.231,269.429,299.966,220.631,186.491,"<script type=""text/javascript"" src=""https://ssl.gstatic.com/trends_nrtr/2674_RC03/embed_loader.js""></script>
<script type=""text/javascript""> trends.embed.renderExploreWidget(""TIMESERIES"", { ""comparisonItem"": [{ ""keyword"": ""Romanian Orthodox"", ""geo"": ""AU"", ""time"": ""today 1-m"" }], ""category"": 0, ""property"": """" }, { ""exploreQuery"": ""date=today%201-m&geo=AU&q=Romanian%20Orthodox"", ""guestPath"": ""https://trends.google.com:443/trends/embed/"" }); </script>"
7,7,Place of Worship,Church,Welsh Presbyterian Church,144.959873260087,-37.8104478768313,94.243,103.824,121.339,109.507,100.933,92.066,97.137,104.888,92.271,200.699,184.67,180.909,"<script type=""text/javascript"" src=""https://ssl.gstatic.com/trends_nrtr/2674_RC03/embed_loader.js""></script>
<script type=""text/javascript""> trends.embed.renderExploreWidget(""TIMESERIES"", { ""comparisonItem"": [{ ""keyword"": ""Welsh Presbyterian Church"", ""geo"": ""AU"", ""time"": ""today 1-m"" }], ""category"": 0, ""property"": """" }, { ""exploreQuery"": ""date=today%201-m&geo=AU&q=Welsh%20Presbyterian%20Church"", ""guestPath"": ""https://trends.google.com:443/trends/embed/"" }); </script>"
8,8,Place of Worship,Church,Church of Christ,144.96388920294,-37.8104524079085,867.89,845.366,927.201,878.121,862.621,821.239,889.033,910.96,857.586,1235.217,1209.057,1304.532,"<script type=""text/javascript"" src=""https://ssl.gstatic.com/trends_nrtr/2674_RC03/embed_loader.js""></script>
<script type=""text/javascript""> trends.embed.renderExploreWidget(""TIMESERIES"", { ""comparisonItem"": [{ ""keyword"": ""Church of Christ"", ""geo"": ""AU"", ""time"": ""today 1-m"" }], ""category"": 0, ""property"": """" }, { ""exploreQuery"": ""date=today%201-m&geo=AU&q=Church%20of%20Christ"", ""guestPath"": ""https://trends.google.com:443/trends/embed/"" }); </script>"
9,9,Place of Worship,Church,Scots Church,144.96855105335,-37.8145687802664,625.723,479.733,514.101,531.052,590.091,705.017,761.835,809.433,748.738,782.101,748.457,798.878,"<script type=""text/javascript"" src=""https://ssl.gstatic.com/trends_nrtr/2674_RC03/embed_loader.js""></script>
<script type=""text/javascript""> trends.embed.renderExploreWidget(""TIMESERIES"", { ""comparisonItem"": [{ ""keyword"": ""Scots Church"", ""geo"": ""AU"", ""time"": ""today 1-m"" }], ""category"": 0, ""property"": """" }, { ""exploreQuery"": ""date=today%201-m&geo=AU&q=Scots%20Church"", ""guestPath"": ""https://trends.google.com:443/trends/embed/"" }); </script>"
10,10,Place of Worship,Church,St Michael's Uniting Church,144.969174036096,-37.8143851324913,1044.478,876.098,1009.869,1037.712,975.31,1039.319,1132.996,1158.18,1062.178,1144.822,1156.775,1337.699,"<script type=""text/javascript"" src=""https://ssl.gstatic.com/trends_nrtr/2674_RC03/embed_loader.js""></script>
<script type=""text/javascript""> trends.embed.renderExploreWidget(""TIMESERIES"", { ""comparisonItem"": [{ ""keyword"": ""St Michael's Uniting Church"", ""geo"": ""AU"", ""time"": ""today 1-m"" }], ""category"": 0, ""property"": """" }, { ""exploreQuery"": ""date=today%201-m&geo=AU&q=St%20Michaels%20Uniting%20Church"", ""guestPath"": ""https://trends.google.com:443/trends/embed/"" }); </script>"
11,11,Place of Worship,Church,Greek Orthodox Church,144.978259089269,-37.8088064667555,73.096,79.005,85.496,76.54,88.432,74.707,86.208,88.439,55.263,0.0,0.0,0.0,"<script type=""text/javascript"" src=""https://ssl.gstatic.com/trends_nrtr/2674_RC03/embed_loader.js""></script>
<script type=""text/javascript""> trends.embed.renderExploreWidget(""TIMESERIES"", { ""comparisonItem"": [{ ""keyword"": ""Greek Orthodox Church"", ""geo"": ""AU"", ""time"": ""today 1-m"" }], ""category"": 0, ""property"": """" }, { ""exploreQuery"": ""date=today%201-m&geo=AU&q=Greek%20Orthodox%20Church"", ""guestPath"": ""https://trends.google.com:443/trends/embed/"" }); </script>"
12,12,Place of Worship,Church,St Peter's Eastern Hill,144.975259178609,-37.8097086714637,101.984,110.58,119.66,107.046,123.86,104.556,120.511,124.007,79.589,0.0,0.0,0.0,"<script type=""text/javascript"" src=""https://ssl.gstatic.com/trends_nrtr/2674_RC03/embed_loader.js""></script>
<script type=""text/javascript""> trends.embed.renderExploreWidget(""TIMESERIES"", { ""comparisonItem"": [{ ""keyword"": ""St Peter's Eastern Hill"", ""geo"": ""AU"", ""time"": ""today 1-m"" }], ""category"": 0, ""property"": """" }, { ""exploreQuery"": ""date=today%201-m&geo=AU&q=St%20Peters%20Eastern%20Hill"", ""guestPath"": ""https://trends.google.com:443/trends/embed/"" }); </script>"
13,13,Place of Worship,Church,Lutheran Trinity Church,144.975729473552,-37.8109757054396,130.268,141.124,152.652,136.475,157.678,133.206,153.688,157.946,100.669,0.0,0.0,0.0,"<script type=""text/javascript"" src=""https://ssl.gstatic.com/trends_nrtr/2674_RC03/embed_loader.js""></script>
<script type=""text/javascript""> trends.embed.renderExploreWidget(""TIMESERIES"", { ""comparisonItem"": [{ ""keyword"": ""Lutheran Trinity Church"", ""geo"": ""AU"", ""time"": ""today 1-m"" }], ""category"": 0, ""property"": """" }, { ""exploreQuery"": ""date=today%201-m&geo=AU&q=Lutheran%20Trinity%20Church"", ""guestPath"": ""https://trends.google.com:443/trends/embed/"" }); </script>"
14,14,Place of Worship,Church,Holy Trinity,144.983197322289,-37.8140667110854,87.137,100.135,105.528,92.032,109.273,91.202,104.984,107.798,98.843,88.592,100.131,88.727,"<script type=""text/javascript"" src=""https://ssl.gstatic.com/trends_nrtr/2674_RC03/embed_loader.js""></script>
<script type=""text/javascript""> trends.embed.renderExploreWidget(""TIMESERIES"", { ""comparisonItem"": [{ ""keyword"": ""Holy Trinity"", ""geo"": ""AU"", ""time"": ""today 1-m"" }], ""category"": 0, ""property"": """" }, { ""exploreQuery"": ""date=today%201-m&geo=AU&q=Holy%20Trinity"", ""guestPath"": ""https://trends.google.com:443/trends/embed/"" }); </script>"
15,15,Place of Worship,Church,St Johns Lutheran Church,144.967121099857,-37.8209399677168,1553.949,1465.857,1555.307,1301.052,1340.996,1217.653,1334.404,1348.986,1305.676,1498.593,1423.91,1568.629,"<script type=""text/javascript"" src=""https://ssl.gstatic.com/trends_nrtr/2674_RC03/embed_loader.js""></script>
<script type=""text/javascript""> trends.embed.renderExploreWidget(""TIMESERIES"", { ""comparisonItem"": [{ ""keyword"": ""St Johns Lutheran Church"", ""geo"": ""AU"", ""time"": ""today 1-m"" }], ""category"": 0, ""property"": """" }, { ""exploreQuery"": ""date=today%201-m&geo=AU&q=St%20Johns%20Lutheran%20Church"", ""guestPath"": ""https://trends.google.com:443/trends/embed/"" }); </script>"
16,16,Place of Worship,Church,North Melbourne Uniting,144.947671538375,-37.8035538471344,29.762,31.276,36.126,33.176,30.77,29.502,31.895,33.152,27.627,31.07,31.994,32.326,"<script type=""text/javascript"" src=""https://ssl.gstatic.com/trends_nrtr/2674_RC03/embed_loader.js""></script>
<script type=""text/javascript""> trends.embed.renderExploreWidget(""TIMESERIES"", { ""comparisonItem"": [{ ""keyword"": ""North Melbourne Uniting"", ""geo"": ""AU"", ""time"": ""today 1-m"" }], ""category"": 0, ""property"": """" }, { ""exploreQuery"": ""date=today%201-m&geo=AU&q=North%20Melbourne%20Uniting"", ""guestPath"": ""https://trends.google.com:443/trends/embed/"" }); </script>"
17,17,Place of Worship,Church,Melbourne Unitarian Church,144.984664890999,-37.8114487773394,74.273,85.365,89.958,78.424,93.168,77.759,89.49,91.856,84.281,75.633,85.393,75.664,"<script type=""text/javascript"" src=""https://ssl.gstatic.com/trends_nrtr/2674_RC03/embed_loader.js""></script>
<script type=""text/javascript""> trends.embed.renderExploreWidget(""TIMESERIES"", { ""comparisonItem"": [{ ""keyword"": ""Melbourne Unitarian Church"", ""geo"": ""AU"", ""time"": ""today 1-m"" }], ""category"": 0, ""property"": """" }, { ""exploreQuery"": ""date=today%201-m&geo=AU&q=Melbourne%20Unitarian%20Church"", ""guestPath"": ""https://trends.google.com:443/trends/embed/"" }); </script>"
18,18,Place of Worship,Church,All Nations Uniting Church,144.968981110942,-37.7959155303946,57.803,81.404,152.25,110.957,126.827,63.269,77.909,135.931,103.805,98.836,78.076,56.009,"<script type=""text/javascript"" src=""https://ssl.gstatic.com/trends_nrtr/2674_RC03/embed_loader.js""></script>
<script type=""text/javascript""> trends.embed.renderExploreWidget(""TIMESERIES"", { ""comparisonItem"": [{ ""keyword"": ""All Nations Uniting Church"", ""geo"": ""AU"", ""time"": ""today 1-m"" }], ""category"": 0, ""property"": """" }, { ""exploreQuery"": ""date=today%201-m&geo=AU&q=All%20Nations%20Uniting%20Church"", ""guestPath"": ""https://trends.google.com:443/trends/embed/"" }); </script>"
19,19,Place of Worship,Church,Our Lady of Lebanon Church,144.969334720932,-37.8025766539683,89.797,109.631,177.462,133.839,142.123,85.419,102.513,154.578,126.866,126.976,110.598,92.611,"<script type=""text/javascript"" src=""https://ssl.gstatic.com/trends_nrtr/2674_RC03/embed_loader.js""></script>
<script type=""text/javascript""> trends.embed.renderExploreWidget(""TIMESERIES"", { ""comparisonItem"": [{ ""keyword"": ""Our Lady of Lebanon Church"", ""geo"": ""AU"", ""time"": ""today 1-m"" }], ""category"": 0, ""property"": """" }, { ""exploreQuery"": ""date=today%201-m&geo=AU&q=Our%20Lady%20of%20Lebanon%20Church"", ""guestPath"": ""https://trends.google.com:443/trends/embed/"" }); </script>"
20,20,Place of Worship,Church,St Michaels,144.945399480629,-37.7940512679297,11.743,16.336,35.049,27.804,37.805,18.98,19.662,35.983,25.217,22.877,15.0,8.914,"<script type=""text/javascript"" src=""https://ssl.gstatic.com/trends_nrtr/2674_RC03/embed_loader.js""></script>
<script type=""text/javascript""> trends.embed.renderExploreWidget(""TIMESERIES"", { ""comparisonItem"": [{ ""keyword"": ""St Michaels"", ""geo"": ""AU"", ""time"": ""today 1-m"" }], ""category"": 0, ""property"": """" }, { ""exploreQuery"": ""date=today%201-m&geo=AU&q=St%20Michaels"", ""guestPath"": ""https://trends.google.com:443/trends/embed/"" }); </script>"
21,21,Place of Worship,Church,Ukranian Catholic Cathedral,144.944313454028,-37.7963084580345,17.428,21.25,38.962,31.739,40.54,23.687,24.902,39.69,28.985,27.341,20.637,15.46,"<script type=""text/javascript"" src=""https://ssl.gstatic.com/trends_nrtr/2674_RC03/embed_loader.js""></script>
<script type=""text/javascript""> trends.embed.renderExploreWidget(""TIMESERIES"", { ""comparisonItem"": [{ ""keyword"": ""Ukranian Catholic Cathedral"", ""geo"": ""AU"", ""time"": ""today 1-m"" }], ""category"": 0, ""property"": """" }, { ""exploreQuery"": ""date=today%201-m&geo=AU&q=Ukranian%20Catholic%20Cathedral"", ""guestPath"": ""https://trends.google.com:443/trends/embed/"" }); </script>"
22,22,Place of Worship,Church,St Alban Anglican Church,144.94161451392,-37.7942169477929,11.446,13.271,18.644,16.21,18.206,13.534,14.73,18.256,14.611,14.79,12.923,10.349,"<script type=""text/javascript"" src=""https://ssl.gstatic.com/trends_nrtr/2674_RC03/embed_loader.js""></script>
<script type=""text/javascript""> trends.embed.renderExploreWidget(""TIMESERIES"", { ""comparisonItem"": [{ ""keyword"": ""St Alban Anglican Church"", ""geo"": ""AU"", ""time"": ""today 1-m"" }], ""category"": 0, ""property"": """" }, { ""exploreQuery"": ""date=today%201-m&geo=AU&q=St%20Alban%20Anglican%20Church"", ""guestPath"": ""https://trends.google.com:443/trends/embed/"" }); </script>"
23,23,Place of Worship,Church,Christ Church Kensington,144.92729572288,-37.7932109480553,19.199,18.736,20.423,18.935,17.857,18.284,19.872,19.795,17.318,19.04,19.428,19.707,"<script type=""text/javascript"" src=""https://ssl.gstatic.com/trends_nrtr/2674_RC03/embed_loader.js""></script>
<script type=""text/javascript""> trends.embed.renderExploreWidget(""TIMESERIES"", { ""comparisonItem"": [{ ""keyword"": ""Christ Church Kensington"", ""geo"": ""AU"", ""time"": ""today 1-m"" }], ""category"": 0, ""property"": """" }, { ""exploreQuery"": ""date=today%201-m&geo=AU&q=Christ%20Church%20Kensington"", ""guestPath"": ""https://trends.google.com:443/trends/embed/"" }); </script>"
24,24,Place of Worship,Church,Holy Rosary,144.928362125005,-37.7948087414394,20.306,19.812,21.592,20.022,18.878,19.333,21.005,20.924,18.304,20.13,20.538,20.837,"<script type=""text/javascript"" src=""https://ssl.gstatic.com/trends_nrtr/2674_RC03/embed_loader.js""></script>
<script type=""text/javascript""> trends.embed.renderExploreWidget(""TIMESERIES"", { ""comparisonItem"": [{ ""keyword"": ""Holy Rosary"", ""geo"": ""AU"", ""time"": ""today 1-m"" }], ""category"": 0, ""property"": """" }, { ""exploreQuery"": ""date=today%201-m&geo=AU&q=Holy%20Rosary"", ""guestPath"": ""https://trends.google.com:443/trends/embed/"" }); </script>"
25,25,Place of Worship,Church,Collins Street Baptist Church,144.968072486031,-37.8147011904647,0.0,0.0,0.0,574.966,458.324,775.184,886.184,1112.087,666.064,0.0,0.0,0.0,"<script type=""text/javascript"" src=""https://ssl.gstatic.com/trends_nrtr/2674_RC03/embed_loader.js""></script>
<script type=""text/javascript""> trends.embed.renderExploreWidget(""TIMESERIES"", { ""comparisonItem"": [{ ""keyword"": ""Collins Street Baptist Church"", ""geo"": ""AU"", ""time"": ""today 1-m"" }], ""category"": 0, ""property"": """" }, { ""exploreQuery"": ""date=today%201-m&geo=AU&q=Collins%20Street%20Baptist%20Church"", ""guestPath"": ""https://trends.google.com:443/trends/embed/"" }); </script>"
26,26,Place of Worship,Church,St Thomas Aquinas Church,144.976809080472,-37.8353076902578,189.569,134.625,149.979,132.968,109.451,94.811,106.118,106.637,104.362,119.658,112.593,134.765,"<script type=""text/javascript"" src=""https://ssl.gstatic.com/trends_nrtr/2674_RC03/embed_loader.js""></script>
<script type=""text/javascript""> trends.embed.renderExploreWidget(""TIMESERIES"", { ""comparisonItem"": [{ ""keyword"": ""St Thomas Aquinas Church"", ""geo"": ""AU"", ""time"": ""today 1-m"" }], ""category"": 0, ""property"": """" }, { ""exploreQuery"": ""date=today%201-m&geo=AU&q=St%20Thomas%20Aquinas%20Church"", ""guestPath"": ""https://trends.google.com:443/trends/embed/"" }); </script>"
27,27,Place of Worship,Church,South Yarra Presbyterian Church,144.98562699348,-37.8407473645397,84.638,48.36,79.015,119.002,85.298,81.452,94.585,91.597,87.623,97.709,68.336,100.66,"<script type=""text/javascript"" src=""https://ssl.gstatic.com/trends_nrtr/2674_RC03/embed_loader.js""></script>
<script type=""text/javascript""> trends.embed.renderExploreWidget(""TIMESERIES"", { ""comparisonItem"": [{ ""keyword"": ""South Yarra Presbyterian Church"", ""geo"": ""AU"", ""time"": ""today 1-m"" }], ""category"": 0, ""property"": """" }, { ""exploreQuery"": ""date=today%201-m&geo=AU&q=South%20Yarra%20Presbyterian%20Church"", ""guestPath"": ""https://trends.google.com:443/trends/embed/"" }); </script>"
28,28,Place of Worship,Church,The Parish of Christ Church South Yarra,144.986009385387,-37.8386270533576,90.173,51.538,84.172,126.704,90.837,86.75,100.741,97.568,93.331,104.071,72.806,107.212,"<script type=""text/javascript"" src=""https://ssl.gstatic.com/trends_nrtr/2674_RC03/embed_loader.js""></script>
<script type=""text/javascript""> trends.embed.renderExploreWidget(""TIMESERIES"", { ""comparisonItem"": [{ ""keyword"": ""The Parish of Christ Church South Yarra"", ""geo"": ""AU"", ""time"": ""today 1-m"" }], ""category"": 0, ""property"": """" }, { ""exploreQuery"": ""date=today%201-m&geo=AU&q=The%20Parish%20of%20Christ%20Church%20South%20Yarra"", ""guestPath"": ""https://trends.google.com:443/trends/embed/"" }); </script>"
29,29,Visitor Centre,Visitor Centre,Melbourne Visitor Booth,144.964425882562,-37.8139525061193,1789.903,1355.948,1562.987,1606.08,1682.875,1809.08,1947.483,1975.824,1844.679,1978.275,2029.734,2345.919,"<script type=""text/javascript"" src=""https://ssl.gstatic.com/trends_nrtr/2674_RC03/embed_loader.js""></script>
<script type=""text/javascript""> trends.embed.renderExploreWidget(""TIMESERIES"", { ""comparisonItem"": [{ ""keyword"": ""Melbourne Visitor Booth"", ""geo"": ""AU"", ""time"": ""today 1-m"" }], ""category"": 0, ""property"": """" }, { ""exploreQuery"": ""date=today%201-m&geo=AU&q=Melbourne%20Visitor%20Booth"", ""guestPath"": ""https://trends.google.com:443/trends/embed/"" }); </script>"
30,30,Leisure/Recreation,Major Sports & Recreation Facility,State Netball Hockey Centre,144.947580972027,-37.7857860016289,26.636,26.236,33.923,29.471,30.344,25.654,27.259,31.622,28.301,30.304,28.831,29.321,"<script type=""text/javascript"" src=""https://ssl.gstatic.com/trends_nrtr/2674_RC03/embed_loader.js""></script>
<script type=""text/javascript""> trends.embed.renderExploreWidget(""TIMESERIES"", { ""comparisonItem"": [{ ""keyword"": ""State Netball Hockey Centre"", ""geo"": ""AU"", ""time"": ""today 1-m"" }], ""category"": 0, ""property"": """" }, { ""exploreQuery"": ""date=today%201-m&geo=AU&q=State%20Netball%20Hockey%20Centre"", ""guestPath"": ""https://trends.google.com:443/trends/embed/"" }); </script>"
31,31,Transport,Transport Terminal,Port of Melbourne,144.91753432375,-37.8137384362671,17.949,17.947,18.565,18.249,18.523,17.167,18.533,17.7,16.498,9.563,16.747,17.454,"<script type=""text/javascript"" src=""https://ssl.gstatic.com/trends_nrtr/2674_RC03/embed_loader.js""></script>
<script type=""text/javascript""> trends.embed.renderExploreWidget(""TIMESERIES"", { ""comparisonItem"": [{ ""keyword"": ""Port of Melbourne"", ""geo"": ""AU"", ""time"": ""today 1-m"" }], ""category"": 0, ""property"": """" }, { ""exploreQuery"": ""date=today%201-m&geo=AU&q=Port%20of%20Melbourne"", ""guestPath"": ""https://trends.google.com:443/trends/embed/"" }); </script>"
32,32,Leisure/Recreation,Major Sports & Recreation Facility,Carlton Football Club,144.961967841559,-37.7840864379557,24.871,31.676,53.655,40.008,43.324,24.724,30.01,47.16,37.836,37.306,31.665,25.732,"<script type=""text/javascript"" src=""https://ssl.gstatic.com/trends_nrtr/2674_RC03/embed_loader.js""></script>
<script type=""text/javascript""> trends.embed.renderExploreWidget(""TIMESERIES"", { ""comparisonItem"": [{ ""keyword"": ""Carlton Football Club"", ""geo"": ""AU"", ""time"": ""today 1-m"" }], ""category"": 0, ""property"": """" }, { ""exploreQuery"": ""date=today%201-m&geo=AU&q=Carlton%20Football%20Club"", ""guestPath"": ""https://trends.google.com:443/trends/embed/"" }); </script>"
33,33,Leisure/Recreation,Major Sports & Recreation Facility,Visy Park,144.961982577553,-37.7834303940347,23.881,30.42,51.535,38.423,41.607,23.738,28.818,45.293,36.338,35.827,30.408,24.707,"<script type=""text/javascript"" src=""https://ssl.gstatic.com/trends_nrtr/2674_RC03/embed_loader.js""></script>
<script type=""text/javascript""> trends.embed.renderExploreWidget(""TIMESERIES"", { ""comparisonItem"": [{ ""keyword"": ""Visy Park"", ""geo"": ""AU"", ""time"": ""today 1-m"" }], ""category"": 0, ""property"": """" }, { ""exploreQuery"": ""date=today%201-m&geo=AU&q=Visy%20Park"", ""guestPath"": ""https://trends.google.com:443/trends/embed/"" }); </script>"
34,34,Retail,Retail,Queen Victoria Market,144.957158515056,-37.8075002018073,188.525,181.906,207.278,198.274,184.865,194.189,218.296,213.072,154.678,163.263,209.146,206.663,"<script type=""text/javascript"" src=""https://ssl.gstatic.com/trends_nrtr/2674_RC03/embed_loader.js""></script>
<script type=""text/javascript""> trends.embed.renderExploreWidget(""TIMESERIES"", { ""comparisonItem"": [{ ""keyword"": ""Queen Victoria Market"", ""geo"": ""AU"", ""time"": ""today 1-m"" }], ""category"": 0, ""property"": """" }, { ""exploreQuery"": ""date=today%201-m&geo=AU&q=Queen%20Victoria%20Market"", ""guestPath"": ""https://trends.google.com:443/trends/embed/"" }); </script>"
35,35,Place Of Assembly,Art Gallery/Museum,Old Melbourne Gaol Crime & Justice Experience,144.965463853978,-37.8077644149636,364.233,183.632,890.719,839.739,721.57,662.13,716.576,802.259,708.202,749.769,718.881,738.807,"<script type=""text/javascript"" src=""https://ssl.gstatic.com/trends_nrtr/2674_RC03/embed_loader.js""></script>
<script type=""text/javascript""> trends.embed.renderExploreWidget(""TIMESERIES"", { ""comparisonItem"": [{ ""keyword"": ""Old Melbourne Gaol Crime & Justice Experience"", ""geo"": ""AU"", ""time"": ""today 1-m"" }], ""category"": 0, ""property"": """" }, { ""exploreQuery"": ""date=today%201-m&geo=AU&q=Old%20Melbourne%20Gaol%20Crime%20%26%20Justice%20Experience"", ""guestPath"": ""https://trends.google.com:443/trends/embed/"" }); </script>"
36,36,Place Of Assembly,Theatre Live,FairFax Studio,144.968836241692,-37.8216684581887,1220.602,904.477,1065.905,948.317,791.18,708.752,794.629,766.396,759.373,871.198,743.759,950.849,"<script type=""text/javascript"" src=""https://ssl.gstatic.com/trends_nrtr/2674_RC03/embed_loader.js""></script>
<script type=""text/javascript""> trends.embed.renderExploreWidget(""TIMESERIES"", { ""comparisonItem"": [{ ""keyword"": ""FairFax Studio"", ""geo"": ""AU"", ""time"": ""today 1-m"" }], ""category"": 0, ""property"": """" }, { ""exploreQuery"": ""date=today%201-m&geo=AU&q=FairFax%20Studio"", ""guestPath"": ""https://trends.google.com:443/trends/embed/"" }); </script>"
37,37,Place Of Assembly,Theatre Live,Playhouse,144.968337832721,-37.8218124583016,927.287,553.868,853.066,1192.648,887.32,817.863,937.458,896.456,867.33,970.639,696.842,1017.093,"<script type=""text/javascript"" src=""https://ssl.gstatic.com/trends_nrtr/2674_RC03/embed_loader.js""></script>
<script type=""text/javascript""> trends.embed.renderExploreWidget(""TIMESERIES"", { ""comparisonItem"": [{ ""keyword"": ""Playhouse"", ""geo"": ""AU"", ""time"": ""today 1-m"" }], ""category"": 0, ""property"": """" }, { ""exploreQuery"": ""date=today%201-m&geo=AU&q=Playhouse"", ""guestPath"": ""https://trends.google.com:443/trends/embed/"" }); </script>"
38,38,Place Of Assembly,Theatre Live,State Theatre,144.968469643744,-37.8212806349773,1432.705,1063.13,1253.907,1093.956,932.696,839.145,942.099,908.181,898.713,1028.202,880.274,1118.103,"<script type=""text/javascript"" src=""https://ssl.gstatic.com/trends_nrtr/2674_RC03/embed_loader.js""></script>
<script type=""text/javascript""> trends.embed.renderExploreWidget(""TIMESERIES"", { ""comparisonItem"": [{ ""keyword"": ""State Theatre"", ""geo"": ""AU"", ""time"": ""today 1-m"" }], ""category"": 0, ""property"": """" }, { ""exploreQuery"": ""date=today%201-m&geo=AU&q=State%20Theatre"", ""guestPath"": ""https://trends.google.com:443/trends/embed/"" }); </script>"
39,39,Education Centre,Tertiary (University),University of Melbourne (VCA and Music),144.96933253996,-37.8241137662047,508.411,299.986,466.365,676.079,489.085,448.399,513.387,491.055,475.538,533.721,379.288,561.553,"<script type=""text/javascript"" src=""https://ssl.gstatic.com/trends_nrtr/2674_RC03/embed_loader.js""></script>
<script type=""text/javascript""> trends.embed.renderExploreWidget(""TIMESERIES"", { ""comparisonItem"": [{ ""keyword"": ""University of Melbourne (VCA and Music)"", ""geo"": ""AU"", ""time"": ""today 1-m"" }], ""category"": 0, ""property"": """" }, { ""exploreQuery"": ""date=today%201-m&geo=AU&q=University%20of%20Melbourne%20"", ""guestPath"": ""https://trends.google.com:443/trends/embed/"" }); </script>"
40,40,Place Of Assembly,Theatre Live,St Martins Youth Arts Centre,144.98114217385,-37.8352429531289,113.335,64.872,105.758,158.852,113.949,108.875,126.445,122.48,117.159,130.646,91.46,134.573,"<script type=""text/javascript"" src=""https://ssl.gstatic.com/trends_nrtr/2674_RC03/embed_loader.js""></script>
<script type=""text/javascript""> trends.embed.renderExploreWidget(""TIMESERIES"", { ""comparisonItem"": [{ ""keyword"": ""St Martins Youth Arts Centre"", ""geo"": ""AU"", ""time"": ""today 1-m"" }], ""category"": 0, ""property"": """" }, { ""exploreQuery"": ""date=today%201-m&geo=AU&q=St%20Martins%20Youth%20Arts%20Centre"", ""guestPath"": ""https://trends.google.com:443/trends/embed/"" }); </script>"
41,41,Leisure/Recreation,Major Sports & Recreation Facility,Flemington Racecourse,144.912142987372,-37.7908082646624,9.155,9.624,9.866,9.879,11.057,9.884,10.983,11.131,9.562,10.889,9.8,8.941,"<script type=""text/javascript"" src=""https://ssl.gstatic.com/trends_nrtr/2674_RC03/embed_loader.js""></script>
<script type=""text/javascript""> trends.embed.renderExploreWidget(""TIMESERIES"", { ""comparisonItem"": [{ ""keyword"": ""Flemington Racecourse"", ""geo"": ""AU"", ""time"": ""today 1-m"" }], ""category"": 0, ""property"": """" }, { ""exploreQuery"": ""date=today%201-m&geo=AU&q=Flemington%20Racecourse"", ""guestPath"": ""https://trends.google.com:443/trends/embed/"" }); </script>"
42,42,Place Of Assembly,Theatre Live,Princess Theatre,144.9723265962,-37.8107257091302,250.259,282.328,302.017,304.828,290.419,272.814,296.944,339.255,307.987,283.258,289.257,290.324,"<script type=""text/javascript"" src=""https://ssl.gstatic.com/trends_nrtr/2674_RC03/embed_loader.js""></script>
<script type=""text/javascript""> trends.embed.renderExploreWidget(""TIMESERIES"", { ""comparisonItem"": [{ ""keyword"": ""Princess Theatre"", ""geo"": ""AU"", ""time"": ""today 1-m"" }], ""category"": 0, ""property"": """" }, { ""exploreQuery"": ""date=today%201-m&geo=AU&q=Princess%20Theatre"", ""guestPath"": ""https://trends.google.com:443/trends/embed/"" }); </script>"
43,43,Community Use,Public Buildings,State Library Victoria,144.964330322397,-37.8099852201226,0.0,342.373,682.322,668.402,150.33,79.807,115.424,159.063,126.863,350.894,296.445,284.019,"<script type=""text/javascript"" src=""https://ssl.gstatic.com/trends_nrtr/2674_RC03/embed_loader.js""></script>
<script type=""text/javascript""> trends.embed.renderExploreWidget(""TIMESERIES"", { ""comparisonItem"": [{ ""keyword"": ""State Library Victoria"", ""geo"": ""AU"", ""time"": ""today 1-m"" }], ""category"": 0, ""property"": """" }, { ""exploreQuery"": ""date=today%201-m&geo=AU&q=State%20Library%20Victoria"", ""guestPath"": ""https://trends.google.com:443/trends/embed/"" }); </script>"
44,44,Place Of Assembly,Theatre Live,Regent Theatre,144.967916735261,-37.8160014744179,883.329,835.495,940.366,953.761,893.198,846.394,935.394,936.132,878.201,1091.27,1125.434,1344.944,"<script type=""text/javascript"" src=""https://ssl.gstatic.com/trends_nrtr/2674_RC03/embed_loader.js""></script>
<script type=""text/javascript""> trends.embed.renderExploreWidget(""TIMESERIES"", { ""comparisonItem"": [{ ""keyword"": ""Regent Theatre"", ""geo"": ""AU"", ""time"": ""today 1-m"" }], ""category"": 0, ""property"": """" }, { ""exploreQuery"": ""date=today%201-m&geo=AU&q=Regent%20Theatre"", ""guestPath"": ""https://trends.google.com:443/trends/embed/"" }); </script>"
45,45,Leisure/Recreation,Major Sports & Recreation Facility,Melbourne Cricket Ground (MCG),144.983402879078,-37.8194921618419,84.216,80.031,86.391,84.923,100.718,85.092,100.354,112.767,91.06,40.78,104.622,86.785,"<script type=""text/javascript"" src=""https://ssl.gstatic.com/trends_nrtr/2674_RC03/embed_loader.js""></script>
<script type=""text/javascript""> trends.embed.renderExploreWidget(""TIMESERIES"", { ""comparisonItem"": [{ ""keyword"": ""Melbourne Cricket Ground (MCG)"", ""geo"": ""AU"", ""time"": ""today 1-m"" }], ""category"": 0, ""property"": """" }, { ""exploreQuery"": ""date=today%201-m&geo=AU&q=Melbourne%20Cricket%20Ground%20"", ""guestPath"": ""https://trends.google.com:443/trends/embed/"" }); </script>"
46,46,Zoo,"Outdoor Recreation Facility (Zoo, Golf Course)",Melbourne Zoo,144.951371205938,-37.7844449253712,28.376,27.901,35.986,31.308,32.217,27.321,29.006,33.562,30.069,32.22,30.682,31.247,"<script type=""text/javascript"" src=""https://ssl.gstatic.com/trends_nrtr/2674_RC03/embed_loader.js""></script>
<script type=""text/javascript""> trends.embed.renderExploreWidget(""TIMESERIES"", { ""comparisonItem"": [{ ""keyword"": ""Melbourne Zoo"", ""geo"": ""AU"", ""time"": ""today 1-m"" }], ""category"": 0, ""property"": """" }, { ""exploreQuery"": ""date=today%201-m&geo=AU&q=Melbourne%20Zoo"", ""guestPath"": ""https://trends.google.com:443/trends/embed/"" }); </script>"
47,47,Place Of Assembly,Function/Conference/Exhibition Centre,Melbourne Exhibition Centre,144.95435243249,-37.8252455123297,128.054,138.676,147.996,131.86,150.699,128.947,142.519,140.285,129.557,160.578,146.342,139.657,"<script type=""text/javascript"" src=""https://ssl.gstatic.com/trends_nrtr/2674_RC03/embed_loader.js""></script>
<script type=""text/javascript""> trends.embed.renderExploreWidget(""TIMESERIES"", { ""comparisonItem"": [{ ""keyword"": ""Melbourne Exhibition Centre"", ""geo"": ""AU"", ""time"": ""today 1-m"" }], ""category"": 0, ""property"": """" }, { ""exploreQuery"": ""date=today%201-m&geo=AU&q=Melbourne%20Exhibition%20Centre"", ""guestPath"": ""https://trends.google.com:443/trends/embed/"" }); </script>"
48,48,Place Of Assembly,Function/Conference/Exhibition Centre,Melbourne Convention Centre,144.952288281644,-37.8249040484653,158.047,176.847,183.712,163.693,195.905,168.523,187.406,184.973,170.296,205.62,180.971,163.364,"<script type=""text/javascript"" src=""https://ssl.gstatic.com/trends_nrtr/2674_RC03/embed_loader.js""></script>
<script type=""text/javascript""> trends.embed.renderExploreWidget(""TIMESERIES"", { ""comparisonItem"": [{ ""keyword"": ""Melbourne Convention Centre"", ""geo"": ""AU"", ""time"": ""today 1-m"" }], ""category"": 0, ""property"": """" }, { ""exploreQuery"": ""date=today%201-m&geo=AU&q=Melbourne%20Convention%20Centre"", ""guestPath"": ""https://trends.google.com:443/trends/embed/"" }); </script>"
49,49,Place Of Assembly,Art Gallery/Museum,Polly Woodside,144.953478052064,-37.8242574266145,149.097,161.87,172.591,153.682,176.179,152.459,168.326,165.521,153.488,184.644,170.204,160.673,"<script type=""text/javascript"" src=""https://ssl.gstatic.com/trends_nrtr/2674_RC03/embed_loader.js""></script>
<script type=""text/javascript""> trends.embed.renderExploreWidget(""TIMESERIES"", { ""comparisonItem"": [{ ""keyword"": ""Polly Woodside"", ""geo"": ""AU"", ""time"": ""today 1-m"" }], ""category"": 0, ""property"": """" }, { ""exploreQuery"": ""date=today%201-m&geo=AU&q=Polly%20Woodside"", ""guestPath"": ""https://trends.google.com:443/trends/embed/"" }); </script>"
50,50,Place Of Assembly,Art Gallery/Museum,Australian Centre for Contemporary Art,144.967252924593,-37.8266045432686,193.558,195.781,173.308,110.373,136.289,135.244,151.349,155.618,122.591,163.764,126.198,135.452,"<script type=""text/javascript"" src=""https://ssl.gstatic.com/trends_nrtr/2674_RC03/embed_loader.js""></script>
<script type=""text/javascript""> trends.embed.renderExploreWidget(""TIMESERIES"", { ""comparisonItem"": [{ ""keyword"": ""Australian Centre for Contemporary Art"", ""geo"": ""AU"", ""time"": ""today 1-m"" }], ""category"": 0, ""property"": """" }, { ""exploreQuery"": ""date=today%201-m&geo=AU&q=Australian%20Centre%20for%20Contemporary%20Art"", ""guestPath"": ""https://trends.google.com:443/trends/embed/"" }); </script>"
51,51,Place Of Assembly,Theatre Live,Malthouse Theatre,144.966936821789,-37.8271768001126,181.342,183.398,162.169,104.599,128.586,127.326,142.418,146.42,115.144,153.969,118.367,127.169,"<script type=""text/javascript"" src=""https://ssl.gstatic.com/trends_nrtr/2674_RC03/embed_loader.js""></script>
<script type=""text/javascript""> trends.embed.renderExploreWidget(""TIMESERIES"", { ""comparisonItem"": [{ ""keyword"": ""Malthouse Theatre"", ""geo"": ""AU"", ""time"": ""today 1-m"" }], ""category"": 0, ""property"": """" }, { ""exploreQuery"": ""date=today%201-m&geo=AU&q=Malthouse%20Theatre"", ""guestPath"": ""https://trends.google.com:443/trends/embed/"" }); </script>"
52,52,Place of Worship,Church,St Patricks Cathedral,144.975901529712,-37.8101140950474,106.395,115.25,124.695,111.54,128.946,108.899,125.596,129.097,82.195,0.0,0.0,0.0,"<script type=""text/javascript"" src=""https://ssl.gstatic.com/trends_nrtr/2674_RC03/embed_loader.js""></script>
<script type=""text/javascript""> trends.embed.renderExploreWidget(""TIMESERIES"", { ""comparisonItem"": [{ ""keyword"": ""St Patricks Cathedral"", ""geo"": ""AU"", ""time"": ""today 1-m"" }], ""category"": 0, ""property"": """" }, { ""exploreQuery"": ""date=today%201-m&geo=AU&q=St%20Patricks%20Cathedral"", ""guestPath"": ""https://trends.google.com:443/trends/embed/"" }); </script>"
53,53,Place Of Assembly,Art Gallery/Museum,Victorian Arts Centre,144.968837288153,-37.8219947335768,1118.002,827.648,972.532,892.156,716.844,637.383,712.817,688.251,683.628,788.478,670.398,866.341,"<script type=""text/javascript"" src=""https://ssl.gstatic.com/trends_nrtr/2674_RC03/embed_loader.js""></script>
<script type=""text/javascript""> trends.embed.renderExploreWidget(""TIMESERIES"", { ""comparisonItem"": [{ ""keyword"": ""Victorian Arts Centre"", ""geo"": ""AU"", ""time"": ""today 1-m"" }], ""category"": 0, ""property"": """" }, { ""exploreQuery"": ""date=today%201-m&geo=AU&q=Victorian%20Arts%20Centre"", ""guestPath"": ""https://trends.google.com:443/trends/embed/"" }); </script>"
54,54,Community Use,Public Buildings,Melbourne Town Hall,144.966542722283,-37.8150754791411,0.0,0.0,0.0,978.124,868.589,1294.313,1468.363,1808.904,1165.227,0.0,0.0,0.0,"<script type=""text/javascript"" src=""https://ssl.gstatic.com/trends_nrtr/2674_RC03/embed_loader.js""></script>
<script type=""text/javascript""> trends.embed.renderExploreWidget(""TIMESERIES"", { ""comparisonItem"": [{ ""keyword"": ""Melbourne Town Hall"", ""geo"": ""AU"", ""time"": ""today 1-m"" }], ""category"": 0, ""property"": """" }, { ""exploreQuery"": ""date=today%201-m&geo=AU&q=Melbourne%20Town%20Hall"", ""guestPath"": ""https://trends.google.com:443/trends/embed/"" }); </script>"
55,55,Community Use,Public Buildings,Sidney Myer Music Bowl,144.974686151365,-37.8233471608733,320.248,185.464,297.651,438.502,316.649,303.764,353.191,343.027,327.753,365.344,258.033,375.994,"<script type=""text/javascript"" src=""https://ssl.gstatic.com/trends_nrtr/2674_RC03/embed_loader.js""></script>
<script type=""text/javascript""> trends.embed.renderExploreWidget(""TIMESERIES"", { ""comparisonItem"": [{ ""keyword"": ""Sidney Myer Music Bowl"", ""geo"": ""AU"", ""time"": ""today 1-m"" }], ""category"": 0, ""property"": """" }, { ""exploreQuery"": ""date=today%201-m&geo=AU&q=Sidney%20Myer%20Music%20Bowl"", ""guestPath"": ""https://trends.google.com:443/trends/embed/"" }); </script>"
56,56,Casino,Casino,Crown Entertainment Complex,144.957312880653,-37.8235761092516,264.381,275.535,261.372,269.967,288.49,240.704,276.529,282.142,222.73,309.646,242.956,251.888,"<script type=""text/javascript"" src=""https://ssl.gstatic.com/trends_nrtr/2674_RC03/embed_loader.js""></script>
<script type=""text/javascript""> trends.embed.renderExploreWidget(""TIMESERIES"", { ""comparisonItem"": [{ ""keyword"": ""Crown Entertainment Complex"", ""geo"": ""AU"", ""time"": ""today 1-m"" }], ""category"": 0, ""property"": """" }, { ""exploreQuery"": ""date=today%201-m&geo=AU&q=Crown%20Entertainment%20Complex"", ""guestPath"": ""https://trends.google.com:443/trends/embed/"" }); </script>"
57,57,Place Of Assembly,Art Gallery/Museum,The Ian Potter Centre: NGV Australia,144.969899048343,-37.8174831423197,0.0,0.0,0.0,0.0,0.0,0.0,0.0,0.0,0.0,1029.824,1138.656,1464.904,"<script type=""text/javascript"" src=""https://ssl.gstatic.com/trends_nrtr/2674_RC03/embed_loader.js""></script>
<script type=""text/javascript""> trends.embed.renderExploreWidget(""TIMESERIES"", { ""comparisonItem"": [{ ""keyword"": ""The Ian Potter Centre: NGV Australia"", ""geo"": ""AU"", ""time"": ""today 1-m"" }], ""category"": 0, ""property"": """" }, { ""exploreQuery"": ""date=today%201-m&geo=AU&q=The%20Ian%20Potter%20Centre:%20NGV%20Australia"", ""guestPath"": ""https://trends.google.com:443/trends/embed/"" }); </script>"
58,58,Leisure/Recreation,Informal Outdoor Facility (Park/Garden/Reserve),Federation Square,144.968963600783,-37.8178516571684,0.0,0.0,0.0,556.809,391.765,699.443,801.187,1075.487,576.887,0.0,0.0,0.0,"<script type=""text/javascript"" src=""https://ssl.gstatic.com/trends_nrtr/2674_RC03/embed_loader.js""></script>
<script type=""text/javascript""> trends.embed.renderExploreWidget(""TIMESERIES"", { ""comparisonItem"": [{ ""keyword"": ""Federation Square"", ""geo"": ""AU"", ""time"": ""today 1-m"" }], ""category"": 0, ""property"": """" }, { ""exploreQuery"": ""date=today%201-m&geo=AU&q=Federation%20Square"", ""guestPath"": ""https://trends.google.com:443/trends/embed/"" }); </script>"
59,59,Place Of Assembly,Art Gallery/Museum,Thoroughbred Racing Gallery,144.9839700954,-37.8188662730911,83.332,79.85,86.196,84.409,99.607,84.126,99.319,111.755,91.013,42.061,105.274,87.645,"<script type=""text/javascript"" src=""https://ssl.gstatic.com/trends_nrtr/2674_RC03/embed_loader.js""></script>
<script type=""text/javascript""> trends.embed.renderExploreWidget(""TIMESERIES"", { ""comparisonItem"": [{ ""keyword"": ""Thoroughbred Racing Gallery"", ""geo"": ""AU"", ""time"": ""today 1-m"" }], ""category"": 0, ""property"": """" }, { ""exploreQuery"": ""date=today%201-m&geo=AU&q=Thoroughbred%20Racing%20Gallery"", ""guestPath"": ""https://trends.google.com:443/trends/embed/"" }); </script>"
60,60,Leisure/Recreation,Major Sports & Recreation Facility,AAMI Park,144.98380297866,-37.8247252673963,168.078,130.864,159.647,207.729,140.731,142.316,166.322,157.135,145.195,142.915,141.132,133.476,"<script type=""text/javascript"" src=""https://ssl.gstatic.com/trends_nrtr/2674_RC03/embed_loader.js""></script>
<script type=""text/javascript""> trends.embed.renderExploreWidget(""TIMESERIES"", { ""comparisonItem"": [{ ""keyword"": ""AAMI Park"", ""geo"": ""AU"", ""time"": ""today 1-m"" }], ""category"": 0, ""property"": """" }, { ""exploreQuery"": ""date=today%201-m&geo=AU&q=AAMI%20Park"", ""guestPath"": ""https://trends.google.com:443/trends/embed/"" }); </script>"
61,61,Transport,Marina,New Quay Marina,144.942283726231,-37.8152925454954,184.003,255.963,268.116,217.792,221.567,228.635,297.244,311.623,182.894,192.821,206.219,152.267,"<script type=""text/javascript"" src=""https://ssl.gstatic.com/trends_nrtr/2674_RC03/embed_loader.js""></script>
<script type=""text/javascript""> trends.embed.renderExploreWidget(""TIMESERIES"", { ""comparisonItem"": [{ ""keyword"": ""New Quay Marina"", ""geo"": ""AU"", ""time"": ""today 1-m"" }], ""category"": 0, ""property"": """" }, { ""exploreQuery"": ""date=today%201-m&geo=AU&q=New%20Quay%20Marina"", ""guestPath"": ""https://trends.google.com:443/trends/embed/"" }); </script>"
62,62,Place Of Assembly,Function/Conference/Exhibition Centre,Central Pier,144.943475014215,-37.8165177307702,216.925,308.179,325.205,262.061,269.355,275.461,362.277,380.149,222.665,233.275,249.326,180.948,"<script type=""text/javascript"" src=""https://ssl.gstatic.com/trends_nrtr/2674_RC03/embed_loader.js""></script>
<script type=""text/javascript""> trends.embed.renderExploreWidget(""TIMESERIES"", { ""comparisonItem"": [{ ""keyword"": ""Central Pier"", ""geo"": ""AU"", ""time"": ""today 1-m"" }], ""category"": 0, ""property"": """" }, { ""exploreQuery"": ""date=today%201-m&geo=AU&q=Central%20Pier"", ""guestPath"": ""https://trends.google.com:443/trends/embed/"" }); </script>"
63,63,Observation Tower/Wheel,Observation Tower/Wheel,Melbourne Star Observation Wheel,144.937588920436,-37.8116163666726,101.988,144.519,153.247,123.475,125.772,129.423,169.366,177.675,103.538,109.143,117.053,85.79,"<script type=""text/javascript"" src=""https://ssl.gstatic.com/trends_nrtr/2674_RC03/embed_loader.js""></script>
<script type=""text/javascript""> trends.embed.renderExploreWidget(""TIMESERIES"", { ""comparisonItem"": [{ ""keyword"": ""Melbourne Star Observation Wheel"", ""geo"": ""AU"", ""time"": ""today 1-m"" }], ""category"": 0, ""property"": """" }, { ""exploreQuery"": ""date=today%201-m&geo=AU&q=Melbourne%20Star%20Observation%20Wheel"", ""guestPath"": ""https://trends.google.com:443/trends/embed/"" }); </script>"
64,64,Place Of Assembly,Art Gallery/Museum,Fox Classic Car Collection,144.948496661709,-37.8213744301481,315.749,450.717,476.714,384.356,404.883,404.81,531.761,556.286,335.734,351.171,369.499,268.003,"<script type=""text/javascript"" src=""https://ssl.gstatic.com/trends_nrtr/2674_RC03/embed_loader.js""></script>
<script type=""text/javascript""> trends.embed.renderExploreWidget(""TIMESERIES"", { ""comparisonItem"": [{ ""keyword"": ""Fox Classic Car Collection"", ""geo"": ""AU"", ""time"": ""today 1-m"" }], ""category"": 0, ""property"": """" }, { ""exploreQuery"": ""date=today%201-m&geo=AU&q=Fox%20Classic%20Car%20Collection"", ""guestPath"": ""https://trends.google.com:443/trends/embed/"" }); </script>"
65,65,Leisure/Recreation,"Outdoor Recreation Facility (Zoo, Golf Course)",Wonderland Park,144.936833674975,-37.8116945351989,97.767,138.675,147.061,118.441,120.707,124.165,162.594,170.584,99.387,104.713,112.304,82.218,"<script type=""text/javascript"" src=""https://ssl.gstatic.com/trends_nrtr/2674_RC03/embed_loader.js""></script>
<script type=""text/javascript""> trends.embed.renderExploreWidget(""TIMESERIES"", { ""comparisonItem"": [{ ""keyword"": ""Wonderland Park"", ""geo"": ""AU"", ""time"": ""today 1-m"" }], ""category"": 0, ""property"": """" }, { ""exploreQuery"": ""date=today%201-m&geo=AU&q=Wonderland%20Park"", ""guestPath"": ""https://trends.google.com:443/trends/embed/"" }); </script>"
66,66,Leisure/Recreation,Major Sports & Recreation Facility,Rod Laver Arena,144.978487173787,-37.8220456119807,100.157,85.778,100.18,117.067,95.096,89.758,105.017,101.768,74.88,0.0,0.0,0.0,"<script type=""text/javascript"" src=""https://ssl.gstatic.com/trends_nrtr/2674_RC03/embed_loader.js""></script>
<script type=""text/javascript""> trends.embed.renderExploreWidget(""TIMESERIES"", { ""comparisonItem"": [{ ""keyword"": ""Rod Laver Arena"", ""geo"": ""AU"", ""time"": ""today 1-m"" }], ""category"": 0, ""property"": """" }, { ""exploreQuery"": ""date=today%201-m&geo=AU&q=Rod%20Laver%20Arena"", ""guestPath"": ""https://trends.google.com:443/trends/embed/"" }); </script>"
67,67,Leisure/Recreation,Major Sports & Recreation Facility,Melbourne Park,144.978735802793,-37.8209085970021,265.329,206.822,252.108,327.596,222.656,224.857,262.855,248.596,228.935,224.293,221.495,209.48,"<script type=""text/javascript"" src=""https://ssl.gstatic.com/trends_nrtr/2674_RC03/embed_loader.js""></script>
<script type=""text/javascript""> trends.embed.renderExploreWidget(""TIMESERIES"", { ""comparisonItem"": [{ ""keyword"": ""Melbourne Park"", ""geo"": ""AU"", ""time"": ""today 1-m"" }], ""category"": 0, ""property"": """" }, { ""exploreQuery"": ""date=today%201-m&geo=AU&q=Melbourne%20Park"", ""guestPath"": ""https://trends.google.com:443/trends/embed/"" }); </script>"
68,68,Leisure/Recreation,Major Sports & Recreation Facility,Margaret Court Arena,144.977591098955,-37.8213252086842,298.734,232.477,283.595,369.101,250.196,252.96,295.678,279.489,258.17,253.789,250.622,237.027,"<script type=""text/javascript"" src=""https://ssl.gstatic.com/trends_nrtr/2674_RC03/embed_loader.js""></script>
<script type=""text/javascript""> trends.embed.renderExploreWidget(""TIMESERIES"", { ""comparisonItem"": [{ ""keyword"": ""Margaret Court Arena"", ""geo"": ""AU"", ""time"": ""today 1-m"" }], ""category"": 0, ""property"": """" }, { ""exploreQuery"": ""date=today%201-m&geo=AU&q=Margaret%20Court%20Arena"", ""guestPath"": ""https://trends.google.com:443/trends/embed/"" }); </script>"
69,69,Leisure/Recreation,Major Sports & Recreation Facility,Hisense Arena,144.981834802535,-37.823110002667,198.608,154.681,188.665,245.399,166.387,168.203,196.589,185.777,171.514,168.625,166.521,157.489,"<script type=""text/javascript"" src=""https://ssl.gstatic.com/trends_nrtr/2674_RC03/embed_loader.js""></script>
<script type=""text/javascript""> trends.embed.renderExploreWidget(""TIMESERIES"", { ""comparisonItem"": [{ ""keyword"": ""Hisense Arena"", ""geo"": ""AU"", ""time"": ""today 1-m"" }], ""category"": 0, ""property"": """" }, { ""exploreQuery"": ""date=today%201-m&geo=AU&q=Hisense%20Arena"", ""guestPath"": ""https://trends.google.com:443/trends/embed/"" }); </script>"
70,70,Place Of Assembly,Art Gallery/Museum,Melbourne Museum,144.971690718887,-37.8035518129299,90.702,85.738,96.414,90.727,95.659,89.909,92.687,96.038,89.889,99.672,96.646,101.443,"<script type=""text/javascript"" src=""https://ssl.gstatic.com/trends_nrtr/2674_RC03/embed_loader.js""></script>
<script type=""text/javascript""> trends.embed.renderExploreWidget(""TIMESERIES"", { ""comparisonItem"": [{ ""keyword"": ""Melbourne Museum"", ""geo"": ""AU"", ""time"": ""today 1-m"" }], ""category"": 0, ""property"": """" }, { ""exploreQuery"": ""date=today%201-m&geo=AU&q=Melbourne%20Museum"", ""guestPath"": ""https://trends.google.com:443/trends/embed/"" }); </script>"
71,71,Place Of Assembly,Cinema,IMAX Melbourne,144.970639929886,-37.8034315561903,50.657,59.637,91.763,78.719,83.672,57.549,60.973,88.231,76.763,79.5,63.018,51.58,"<script type=""text/javascript"" src=""https://ssl.gstatic.com/trends_nrtr/2674_RC03/embed_loader.js""></script>
<script type=""text/javascript""> trends.embed.renderExploreWidget(""TIMESERIES"", { ""comparisonItem"": [{ ""keyword"": ""IMAX Melbourne"", ""geo"": ""AU"", ""time"": ""today 1-m"" }], ""category"": 0, ""property"": """" }, { ""exploreQuery"": ""date=today%201-m&geo=AU&q=IMAX%20Melbourne"", ""guestPath"": ""https://trends.google.com:443/trends/embed/"" }); </script>"
72,72,Community Use,Public Buildings,Melbourne Theatre Company,144.968297429894,-37.823930384816,550.117,326.744,503.712,723.807,524.301,480.201,549.505,525.669,509.328,571.978,407.948,602.461,"<script type=""text/javascript"" src=""https://ssl.gstatic.com/trends_nrtr/2674_RC03/embed_loader.js""></script>
<script type=""text/javascript""> trends.embed.renderExploreWidget(""TIMESERIES"", { ""comparisonItem"": [{ ""keyword"": ""Melbourne Theatre Company"", ""geo"": ""AU"", ""time"": ""today 1-m"" }], ""category"": 0, ""property"": """" }, { ""exploreQuery"": ""date=today%201-m&geo=AU&q=Melbourne%20Theatre%20Company"", ""guestPath"": ""https://trends.google.com:443/trends/embed/"" }); </script>"
73,73,Place Of Assembly,Theatre Live,MTC Theatre,144.968174400274,-37.8242661832902,518.255,307.861,474.349,681.985,493.545,451.841,516.985,494.563,479.241,538.287,383.926,567.16,"<script type=""text/javascript"" src=""https://ssl.gstatic.com/trends_nrtr/2674_RC03/embed_loader.js""></script>
<script type=""text/javascript""> trends.embed.renderExploreWidget(""TIMESERIES"", { ""comparisonItem"": [{ ""keyword"": ""MTC Theatre"", ""geo"": ""AU"", ""time"": ""today 1-m"" }], ""category"": 0, ""property"": """" }, { ""exploreQuery"": ""date=today%201-m&geo=AU&q=MTC%20Theatre"", ""guestPath"": ""https://trends.google.com:443/trends/embed/"" }); </script>"
74,74,Community Use,Public Buildings,Elisabeth Murdoch Hall,144.967450979234,-37.8239733704282,583.159,589.607,608.899,422.426,499.109,471.105,519.22,530.915,510.972,587.142,565.956,602.806,"<script type=""text/javascript"" src=""https://ssl.gstatic.com/trends_nrtr/2674_RC03/embed_loader.js""></script>
<script type=""text/javascript""> trends.embed.renderExploreWidget(""TIMESERIES"", { ""comparisonItem"": [{ ""keyword"": ""Elisabeth Murdoch Hall"", ""geo"": ""AU"", ""time"": ""today 1-m"" }], ""category"": 0, ""property"": """" }, { ""exploreQuery"": ""date=today%201-m&geo=AU&q=Elisabeth%20Murdoch%20Hall"", ""guestPath"": ""https://trends.google.com:443/trends/embed/"" }); </script>"
75,75,Community Use,Public Buildings,Melbourne Recital Centre,144.967682729667,-37.8238327885805,594.393,601.225,620.652,428.899,507.183,479.247,528.334,540.28,519.982,597.518,576.075,613.274,"<script type=""text/javascript"" src=""https://ssl.gstatic.com/trends_nrtr/2674_RC03/embed_loader.js""></script>
<script type=""text/javascript""> trends.embed.renderExploreWidget(""TIMESERIES"", { ""comparisonItem"": [{ ""keyword"": ""Melbourne Recital Centre"", ""geo"": ""AU"", ""time"": ""today 1-m"" }], ""category"": 0, ""property"": """" }, { ""exploreQuery"": ""date=today%201-m&geo=AU&q=Melbourne%20Recital%20Centre"", ""guestPath"": ""https://trends.google.com:443/trends/embed/"" }); </script>"
76,76,Community Use,Public Buildings,NGV International,144.969342535451,-37.8230135000869,626.661,369.663,575.847,831.966,604.78,555.527,636.401,608.688,589.173,660.698,469.65,694.119,"<script type=""text/javascript"" src=""https://ssl.gstatic.com/trends_nrtr/2674_RC03/embed_loader.js""></script>
<script type=""text/javascript""> trends.embed.renderExploreWidget(""TIMESERIES"", { ""comparisonItem"": [{ ""keyword"": ""NGV International"", ""geo"": ""AU"", ""time"": ""today 1-m"" }], ""category"": 0, ""property"": """" }, { ""exploreQuery"": ""date=today%201-m&geo=AU&q=NGV%20International"", ""guestPath"": ""https://trends.google.com:443/trends/embed/"" }); </script>"
77,77,Place Of Assembly,Theatre Live,Hamer Hall,144.967992144257,-37.8199901009015,1556.615,1451.231,1604.648,1604.705,1507.657,1410.124,1568.283,1565.945,1499.088,1672.547,1580.844,1693.989,"<script type=""text/javascript"" src=""https://ssl.gstatic.com/trends_nrtr/2674_RC03/embed_loader.js""></script>
<script type=""text/javascript""> trends.embed.renderExploreWidget(""TIMESERIES"", { ""comparisonItem"": [{ ""keyword"": ""Hamer Hall"", ""geo"": ""AU"", ""time"": ""today 1-m"" }], ""category"": 0, ""property"": """" }, { ""exploreQuery"": ""date=today%201-m&geo=AU&q=Hamer%20Hall"", ""guestPath"": ""https://trends.google.com:443/trends/embed/"" }); </script>"
78,78,Leisure/Recreation,Indoor Recreation Facility,Artplay,144.971542586509,-37.8184198800044,763.499,535.802,700.848,952.889,668.212,665.367,780.264,754.466,707.225,731.126,677.122,708.41,"<script type=""text/javascript"" src=""https://ssl.gstatic.com/trends_nrtr/2674_RC03/embed_loader.js""></script>
<script type=""text/javascript""> trends.embed.renderExploreWidget(""TIMESERIES"", { ""comparisonItem"": [{ ""keyword"": ""Artplay"", ""geo"": ""AU"", ""time"": ""today 1-m"" }], ""category"": 0, ""property"": """" }, { ""exploreQuery"": ""date=today%201-m&geo=AU&q=Artplay"", ""guestPath"": ""https://trends.google.com:443/trends/embed/"" }); </script>"
79,79,Place Of Assembly,Art Gallery/Museum,National Sports Museum,144.984669809381,-37.8189544909462,79.142,75.9,81.932,80.178,94.605,79.903,94.321,106.111,86.426,39.911,99.963,83.236,"<script type=""text/javascript"" src=""https://ssl.gstatic.com/trends_nrtr/2674_RC03/embed_loader.js""></script>
<script type=""text/javascript""> trends.embed.renderExploreWidget(""TIMESERIES"", { ""comparisonItem"": [{ ""keyword"": ""National Sports Museum"", ""geo"": ""AU"", ""time"": ""today 1-m"" }], ""category"": 0, ""property"": """" }, { ""exploreQuery"": ""date=today%201-m&geo=AU&q=National%20Sports%20Museum"", ""guestPath"": ""https://trends.google.com:443/trends/embed/"" }); </script>"
80,80,Leisure/Recreation,Informal Outdoor Facility (Park/Garden/Reserve),Shrine of Rembrance Reserve,144.973628364465,-37.8320733992876,245.83,174.619,194.534,172.362,141.866,122.914,137.535,138.104,135.234,155.122,145.831,174.69,"<script type=""text/javascript"" src=""https://ssl.gstatic.com/trends_nrtr/2674_RC03/embed_loader.js""></script>
<script type=""text/javascript""> trends.embed.renderExploreWidget(""TIMESERIES"", { ""comparisonItem"": [{ ""keyword"": ""Shrine of Rembrance Reserve"", ""geo"": ""AU"", ""time"": ""today 1-m"" }], ""category"": 0, ""property"": """" }, { ""exploreQuery"": ""date=today%201-m&geo=AU&q=Shrine%20of%20Rembrance%20Reserve"", ""guestPath"": ""https://trends.google.com:443/trends/embed/"" }); </script>"
81,81,Community Use,Public Buildings,Shrine of Remembrance,144.973441913623,-37.8302080020387,280.439,198.896,221.58,196.428,161.871,140.291,157.03,157.771,154.414,177.044,166.582,199.337,"<script type=""text/javascript"" src=""https://ssl.gstatic.com/trends_nrtr/2674_RC03/embed_loader.js""></script>
<script type=""text/javascript""> trends.embed.renderExploreWidget(""TIMESERIES"", { ""comparisonItem"": [{ ""keyword"": ""Shrine of Remembrance"", ""geo"": ""AU"", ""time"": ""today 1-m"" }], ""category"": 0, ""property"": """" }, { ""exploreQuery"": ""date=today%201-m&geo=AU&q=Shrine%20of%20Remembrance"", ""guestPath"": ""https://trends.google.com:443/trends/embed/"" }); </script>"
82,82,Leisure/Recreation,Informal Outdoor Facility (Park/Garden/Reserve),Royal Botanic Gardens,144.980850432751,-37.8306631583233,141.364,81.035,131.833,197.514,141.82,135.573,157.48,152.606,145.947,162.733,114.074,167.607,"<script type=""text/javascript"" src=""https://ssl.gstatic.com/trends_nrtr/2674_RC03/embed_loader.js""></script>
<script type=""text/javascript""> trends.embed.renderExploreWidget(""TIMESERIES"", { ""comparisonItem"": [{ ""keyword"": ""Royal Botanic Gardens"", ""geo"": ""AU"", ""time"": ""today 1-m"" }], ""category"": 0, ""property"": """" }, { ""exploreQuery"": ""date=today%201-m&geo=AU&q=Royal%20Botanic%20Gardens"", ""guestPath"": ""https://trends.google.com:443/trends/embed/"" }); </script>"
83,83,Leisure/Recreation,Indoor Recreation Facility,Icehouse,144.935684018873,-37.8121881194053,93.133,132.223,140.219,112.889,115.122,118.366,155.105,162.738,94.81,99.836,107.068,78.297,"<script type=""text/javascript"" src=""https://ssl.gstatic.com/trends_nrtr/2674_RC03/embed_loader.js""></script>
<script type=""text/javascript""> trends.embed.renderExploreWidget(""TIMESERIES"", { ""comparisonItem"": [{ ""keyword"": ""Icehouse"", ""geo"": ""AU"", ""time"": ""today 1-m"" }], ""category"": 0, ""property"": """" }, { ""exploreQuery"": ""date=today%201-m&geo=AU&q=Icehouse"", ""guestPath"": ""https://trends.google.com:443/trends/embed/"" }); </script>"
84,84,Place Of Assembly,Theatre Live,Athanaeum Theatre,144.96732254212,-37.814954347831,0.0,0.0,0.0,818.559,673.509,1065.528,1212.434,1527.294,940.361,0.0,0.0,0.0,"<script type=""text/javascript"" src=""https://ssl.gstatic.com/trends_nrtr/2674_RC03/embed_loader.js""></script>
<script type=""text/javascript""> trends.embed.renderExploreWidget(""TIMESERIES"", { ""comparisonItem"": [{ ""keyword"": ""Athanaeum Theatre"", ""geo"": ""AU"", ""time"": ""today 1-m"" }], ""category"": 0, ""property"": """" }, { ""exploreQuery"": ""date=today%201-m&geo=AU&q=Athanaeum%20Theatre"", ""guestPath"": ""https://trends.google.com:443/trends/embed/"" }); </script>"
85,85,Leisure/Recreation,"Outdoor Recreation Facility (Zoo, Golf Course)",Riverside Park,144.915607065132,-37.7948375315825,10.42,10.948,11.217,11.237,12.572,11.249,12.49,12.654,10.866,12.378,11.146,10.174,"<script type=""text/javascript"" src=""https://ssl.gstatic.com/trends_nrtr/2674_RC03/embed_loader.js""></script>
<script type=""text/javascript""> trends.embed.renderExploreWidget(""TIMESERIES"", { ""comparisonItem"": [{ ""keyword"": ""Riverside Park"", ""geo"": ""AU"", ""time"": ""today 1-m"" }], ""category"": 0, ""property"": """" }, { ""exploreQuery"": ""date=today%201-m&geo=AU&q=Riverside%20Park"", ""guestPath"": ""https://trends.google.com:443/trends/embed/"" }); </script>"
86,86,Place Of Assembly,Theatre Live,Carlton Courthouse Theatre,144.968750113566,-37.7976589943217,116.803,111.901,138.779,121.321,130.031,105.263,106.831,126.317,114.878,123.588,115.992,110.733,"<script type=""text/javascript"" src=""https://ssl.gstatic.com/trends_nrtr/2674_RC03/embed_loader.js""></script>
<script type=""text/javascript""> trends.embed.renderExploreWidget(""TIMESERIES"", { ""comparisonItem"": [{ ""keyword"": ""Carlton Courthouse Theatre"", ""geo"": ""AU"", ""time"": ""today 1-m"" }], ""category"": 0, ""property"": """" }, { ""exploreQuery"": ""date=today%201-m&geo=AU&q=Carlton%20Courthouse%20Theatre"", ""guestPath"": ""https://trends.google.com:443/trends/embed/"" }); </script>"
87,87,Leisure/Recreation,"Outdoor Recreation Facility (Zoo, Golf Course)",Melbourne Showgrounds,144.910822117306,-37.7823097850883,11.956,11.67,12.724,11.792,11.125,11.392,12.388,12.336,10.792,11.859,12.109,12.28,"<script type=""text/javascript"" src=""https://ssl.gstatic.com/trends_nrtr/2674_RC03/embed_loader.js""></script>
<script type=""text/javascript""> trends.embed.renderExploreWidget(""TIMESERIES"", { ""comparisonItem"": [{ ""keyword"": ""Melbourne Showgrounds"", ""geo"": ""AU"", ""time"": ""today 1-m"" }], ""category"": 0, ""property"": """" }, { ""exploreQuery"": ""date=today%201-m&geo=AU&q=Melbourne%20Showgrounds"", ""guestPath"": ""https://trends.google.com:443/trends/embed/"" }); </script>"
88,88,Place Of Assembly,Theatre Live,Her Majesty's Theatre,144.969520183129,-37.8109975612842,281.816,308.568,348.75,346.188,395.316,337.295,354.669,395.2,354.93,385.363,338.136,317.071,"<script type=""text/javascript"" src=""https://ssl.gstatic.com/trends_nrtr/2674_RC03/embed_loader.js""></script>
<script type=""text/javascript""> trends.embed.renderExploreWidget(""TIMESERIES"", { ""comparisonItem"": [{ ""keyword"": ""Her Majesty's Theatre"", ""geo"": ""AU"", ""time"": ""today 1-m"" }], ""category"": 0, ""property"": """" }, { ""exploreQuery"": ""date=today%201-m&geo=AU&q=Her%20Majestys%20Theatre"", ""guestPath"": ""https://trends.google.com:443/trends/embed/"" }); </script>"
89,89,Place Of Assembly,Theatre Live,Comedy Theatre,144.97013311862,-37.8102053945163,365.495,373.59,421.664,435.396,398.871,386.921,403.49,438.055,413.963,448.111,406.617,393.278,"<script type=""text/javascript"" src=""https://ssl.gstatic.com/trends_nrtr/2674_RC03/embed_loader.js""></script>
<script type=""text/javascript""> trends.embed.renderExploreWidget(""TIMESERIES"", { ""comparisonItem"": [{ ""keyword"": ""Comedy Theatre"", ""geo"": ""AU"", ""time"": ""today 1-m"" }], ""category"": 0, ""property"": """" }, { ""exploreQuery"": ""date=today%201-m&geo=AU&q=Comedy%20Theatre"", ""guestPath"": ""https://trends.google.com:443/trends/embed/"" }); </script>"
90,90,Place Of Assembly,Theatre Live,La Mama Theatre,144.967669503083,-37.7991304956733,113.154,153.718,279.069,204.306,230.269,118.681,145.338,247.363,191.784,184.49,148.942,110.882,"<script type=""text/javascript"" src=""https://ssl.gstatic.com/trends_nrtr/2674_RC03/embed_loader.js""></script>
<script type=""text/javascript""> trends.embed.renderExploreWidget(""TIMESERIES"", { ""comparisonItem"": [{ ""keyword"": ""La Mama Theatre"", ""geo"": ""AU"", ""time"": ""today 1-m"" }], ""category"": 0, ""property"": """" }, { ""exploreQuery"": ""date=today%201-m&geo=AU&q=La%20Mama%20Theatre"", ""guestPath"": ""https://trends.google.com:443/trends/embed/"" }); </script>"
91,91,Place Of Assembly,Art Gallery/Museum,Sinclair's Cottage,144.980554992725,-37.8145407488014,116.724,134.114,141.346,123.307,146.336,122.139,140.621,144.436,132.347,118.459,134.056,118.791,"<script type=""text/javascript"" src=""https://ssl.gstatic.com/trends_nrtr/2674_RC03/embed_loader.js""></script>
<script type=""text/javascript""> trends.embed.renderExploreWidget(""TIMESERIES"", { ""comparisonItem"": [{ ""keyword"": ""Sinclair's Cottage"", ""geo"": ""AU"", ""time"": ""today 1-m"" }], ""category"": 0, ""property"": """" }, { ""exploreQuery"": ""date=today%201-m&geo=AU&q=Sinclairs%20Cottage"", ""guestPath"": ""https://trends.google.com:443/trends/embed/"" }); </script>"
92,92,Education Centre,Tertiary (University),BIO 21 Institute,144.953780325865,-37.7978743305343,19.657,27.652,48.992,38.223,45.319,25.076,28.804,45.95,34.733,33.24,25.413,16.441,"<script type=""text/javascript"" src=""https://ssl.gstatic.com/trends_nrtr/2674_RC03/embed_loader.js""></script>
<script type=""text/javascript""> trends.embed.renderExploreWidget(""TIMESERIES"", { ""comparisonItem"": [{ ""keyword"": ""BIO 21 Institute"", ""geo"": ""AU"", ""time"": ""today 1-m"" }], ""category"": 0, ""property"": """" }, { ""exploreQuery"": ""date=today%201-m&geo=AU&q=BIO%2021%20Institute"", ""guestPath"": ""https://trends.google.com:443/trends/embed/"" }); </script>"
93,93,Place Of Assembly,Art Gallery/Museum,Victoria Police Museum,144.954039975197,-37.8222182774409,494.359,570.877,574.024,518.297,644.611,531.24,614.892,613.685,551.652,636.915,555.845,479.663,"<script type=""text/javascript"" src=""https://ssl.gstatic.com/trends_nrtr/2674_RC03/embed_loader.js""></script>
<script type=""text/javascript""> trends.embed.renderExploreWidget(""TIMESERIES"", { ""comparisonItem"": [{ ""keyword"": ""Victoria Police Museum"", ""geo"": ""AU"", ""time"": ""today 1-m"" }], ""category"": 0, ""property"": """" }, { ""exploreQuery"": ""date=today%201-m&geo=AU&q=Victoria%20Police%20Museum"", ""guestPath"": ""https://trends.google.com:443/trends/embed/"" }); </script>"
94,94,Place Of Assembly,Art Gallery/Museum,Immigration Museum,144.960426777129,-37.8191798798062,0.0,546.581,974.444,936.884,908.004,838.139,911.405,910.025,857.987,934.574,886.974,937.073,"<script type=""text/javascript"" src=""https://ssl.gstatic.com/trends_nrtr/2674_RC03/embed_loader.js""></script>
<script type=""text/javascript""> trends.embed.renderExploreWidget(""TIMESERIES"", { ""comparisonItem"": [{ ""keyword"": ""Immigration Museum"", ""geo"": ""AU"", ""time"": ""today 1-m"" }], ""category"": 0, ""property"": """" }, { ""exploreQuery"": ""date=today%201-m&geo=AU&q=Immigration%20Museum"", ""guestPath"": ""https://trends.google.com:443/trends/embed/"" }); </script>"
95,95,Place of Worship,Church,St Pauls Cathedral,144.967681647402,-37.8169549012399,757.05,599.87,770.728,1074.574,896.08,899.114,1017.137,1046.968,916.571,894.961,790.278,1022.753,"<script type=""text/javascript"" src=""https://ssl.gstatic.com/trends_nrtr/2674_RC03/embed_loader.js""></script>
<script type=""text/javascript""> trends.embed.renderExploreWidget(""TIMESERIES"", { ""comparisonItem"": [{ ""keyword"": ""St Pauls Cathedral"", ""geo"": ""AU"", ""time"": ""today 1-m"" }], ""category"": 0, ""property"": """" }, { ""exploreQuery"": ""date=today%201-m&geo=AU&q=St%20Pauls%20Cathedral"", ""guestPath"": ""https://trends.google.com:443/trends/embed/"" }); </script>"
96,96,Place Of Assembly,Theatre Live,Forum Theatre,144.969386556998,-37.816485409696,325.678,247.6,337.735,502.084,406.215,396.621,456.442,389.852,396.157,420.001,163.238,371.567,"<script type=""text/javascript"" src=""https://ssl.gstatic.com/trends_nrtr/2674_RC03/embed_loader.js""></script>
<script type=""text/javascript""> trends.embed.renderExploreWidget(""TIMESERIES"", { ""comparisonItem"": [{ ""keyword"": ""Forum Theatre"", ""geo"": ""AU"", ""time"": ""today 1-m"" }], ""category"": 0, ""property"": """" }, { ""exploreQuery"": ""date=today%201-m&geo=AU&q=Forum%20Theatre"", ""guestPath"": ""https://trends.google.com:443/trends/embed/"" }); </script>"
97,97,Place Of Assembly,Art Gallery/Museum,Fire Services Museum Victoria,144.975373745366,-37.8085761281612,82.374,89.265,96.61,86.464,100.056,84.457,97.341,100.126,63.944,0.0,0.0,0.0,"<script type=""text/javascript"" src=""https://ssl.gstatic.com/trends_nrtr/2674_RC03/embed_loader.js""></script>
<script type=""text/javascript""> trends.embed.renderExploreWidget(""TIMESERIES"", { ""comparisonItem"": [{ ""keyword"": ""Fire Services Museum Victoria"", ""geo"": ""AU"", ""time"": ""today 1-m"" }], ""category"": 0, ""property"": """" }, { ""exploreQuery"": ""date=today%201-m&geo=AU&q=Fire%20Services%20Museum%20Victoria"", ""guestPath"": ""https://trends.google.com:443/trends/embed/"" }); </script>"
98,98,Place Of Assembly,Art Gallery/Museum,The Ian Potter Museum Of Art,144.964156669702,-37.7973939595503,153.929,197.297,338.525,253.294,278.672,157.393,189.28,300.553,238.83,234.266,196.17,157.134,"<script type=""text/javascript"" src=""https://ssl.gstatic.com/trends_nrtr/2674_RC03/embed_loader.js""></script>
<script type=""text/javascript""> trends.embed.renderExploreWidget(""TIMESERIES"", { ""comparisonItem"": [{ ""keyword"": ""The Ian Potter Museum Of Art"", ""geo"": ""AU"", ""time"": ""today 1-m"" }], ""category"": 0, ""property"": """" }, { ""exploreQuery"": ""date=today%201-m&geo=AU&q=The%20Ian%20Potter%20Museum%20Of%20Art"", ""guestPath"": ""https://trends.google.com:443/trends/embed/"" }); </script>"
99,99,Education Centre,Tertiary (University),University of Melbourne,144.96099520158,-37.7982892284927,38.275,50.13,91.431,74.46,90.873,48.316,52.301,74.34,66.68,65.569,54.067,33.427,"<script type=""text/javascript"" src=""https://ssl.gstatic.com/trends_nrtr/2674_RC03/embed_loader.js""></script>
<script type=""text/javascript""> trends.embed.renderExploreWidget(""TIMESERIES"", { ""comparisonItem"": [{ ""keyword"": ""University of Melbourne"", ""geo"": ""AU"", ""time"": ""today 1-m"" }], ""category"": 0, ""property"": """" }, { ""exploreQuery"": ""date=today%201-m&geo=AU&q=University%20of%20Melbourne"", ""guestPath"": ""https://trends.google.com:443/trends/embed/"" }); </script>"
100,100,Place Of Assembly,Art Gallery/Museum,Koorie Heritage Trust Inc,144.954027907736,-37.8133854259085,212.029,236.28,256.604,224.596,255.786,223.36,259.618,260.239,230.598,262.302,247.46,221.277,"<script type=""text/javascript"" src=""https://ssl.gstatic.com/trends_nrtr/2674_RC03/embed_loader.js""></script>
<script type=""text/javascript""> trends.embed.renderExploreWidget(""TIMESERIES"", { ""comparisonItem"": [{ ""keyword"": ""Koorie Heritage Trust Inc"", ""geo"": ""AU"", ""time"": ""today 1-m"" }], ""category"": 0, ""property"": """" }, { ""exploreQuery"": ""date=today%201-m&geo=AU&q=Koorie%20Heritage%20Trust%20Inc"", ""guestPath"": ""https://trends.google.com:443/trends/embed/"" }); </script>"
101,101,Education Centre,Tertiary (University),RMIT University,144.964452974798,-37.8080795360545,0.0,0.0,0.0,0.0,0.0,0.0,0.0,0.0,0.0,309.071,258.879,260.075,"<script type=""text/javascript"" src=""https://ssl.gstatic.com/trends_nrtr/2674_RC03/embed_loader.js""></script>
<script type=""text/javascript""> trends.embed.renderExploreWidget(""TIMESERIES"", { ""comparisonItem"": [{ ""keyword"": ""RMIT University"", ""geo"": ""AU"", ""time"": ""today 1-m"" }], ""category"": 0, ""property"": """" }, { ""exploreQuery"": ""date=today%201-m&geo=AU&q=RMIT%20University"", ""guestPath"": ""https://trends.google.com:443/trends/embed/"" }); </script>"
102,102,Leisure/Recreation,Major Sports & Recreation Facility,North Melbourne Recreation Centre (Aquatic),144.943290801869,-37.7999470049655,17.501,18.02,25.733,23.282,24.569,18.164,17.327,19.899,18.203,20.429,19.048,16.385,"<script type=""text/javascript"" src=""https://ssl.gstatic.com/trends_nrtr/2674_RC03/embed_loader.js""></script>
<script type=""text/javascript""> trends.embed.renderExploreWidget(""TIMESERIES"", { ""comparisonItem"": [{ ""keyword"": ""North Melbourne Recreation Centre (Aquatic)"", ""geo"": ""AU"", ""time"": ""today 1-m"" }], ""category"": 0, ""property"": """" }, { ""exploreQuery"": ""date=today%201-m&geo=AU&q=North%20Melbourne%20Recreation%20Centre%20"", ""guestPath"": ""https://trends.google.com:443/trends/embed/"" }); </script>"
103,103,Leisure/Recreation,Indoor Recreation Facility,Carlton Baths,144.971696548624,-37.7934377042609,35.901,50.834,95.258,69.204,78.919,39.101,48.418,84.798,64.764,61.634,48.708,34.821,"<script type=""text/javascript"" src=""https://ssl.gstatic.com/trends_nrtr/2674_RC03/embed_loader.js""></script>
<script type=""text/javascript""> trends.embed.renderExploreWidget(""TIMESERIES"", { ""comparisonItem"": [{ ""keyword"": ""Carlton Baths"", ""geo"": ""AU"", ""time"": ""today 1-m"" }], ""category"": 0, ""property"": """" }, { ""exploreQuery"": ""date=today%201-m&geo=AU&q=Carlton%20Baths"", ""guestPath"": ""https://trends.google.com:443/trends/embed/"" }); </script>"
104,104,Leisure/Recreation,Major Sports & Recreation Facility,City Baths,144.963189789721,-37.8071585350561,176.15,209.987,283.275,271.354,204.537,204.666,253.799,261.82,203.637,218.722,230.59,218.502,"<script type=""text/javascript"" src=""https://ssl.gstatic.com/trends_nrtr/2674_RC03/embed_loader.js""></script>
<script type=""text/javascript""> trends.embed.renderExploreWidget(""TIMESERIES"", { ""comparisonItem"": [{ ""keyword"": ""City Baths"", ""geo"": ""AU"", ""time"": ""today 1-m"" }], ""category"": 0, ""property"": """" }, { ""exploreQuery"": ""date=today%201-m&geo=AU&q=City%20Baths"", ""guestPath"": ""https://trends.google.com:443/trends/embed/"" }); </script>"
105,105,Place Of Assembly,Art Gallery/Museum,Cooks' Cottage,144.979471339826,-37.8144604899837,136.346,156.645,165.098,144.046,170.913,142.655,164.253,168.731,154.554,138.226,156.543,138.718,"<script type=""text/javascript"" src=""https://ssl.gstatic.com/trends_nrtr/2674_RC03/embed_loader.js""></script>
<script type=""text/javascript""> trends.embed.renderExploreWidget(""TIMESERIES"", { ""comparisonItem"": [{ ""keyword"": ""Cooks' Cottage"", ""geo"": ""AU"", ""time"": ""today 1-m"" }], ""category"": 0, ""property"": """" }, { ""exploreQuery"": ""date=today%201-m&geo=AU&q=Cooks%20Cottage"", ""guestPath"": ""https://trends.google.com:443/trends/embed/"" }); </script>"
106,106,Community Use,Public Buildings,Conservatory,144.9785597431,-37.814002127195,160.824,184.766,194.743,169.89,201.605,168.275,193.738,199.007,182.277,162.924,184.647,163.613,"<script type=""text/javascript"" src=""https://ssl.gstatic.com/trends_nrtr/2674_RC03/embed_loader.js""></script>
<script type=""text/javascript""> trends.embed.renderExploreWidget(""TIMESERIES"", { ""comparisonItem"": [{ ""keyword"": ""Conservatory"", ""geo"": ""AU"", ""time"": ""today 1-m"" }], ""category"": 0, ""property"": """" }, { ""exploreQuery"": ""date=today%201-m&geo=AU&q=Conservatory"", ""guestPath"": ""https://trends.google.com:443/trends/embed/"" }); </script>"
107,107,Aquarium,Aquarium,Melbourne Aquarium,144.958425696055,-37.8209627824685,616.978,668.493,715.639,649.84,732.967,601.238,722.989,732.746,644.614,735.576,690.43,638.541,"<script type=""text/javascript"" src=""https://ssl.gstatic.com/trends_nrtr/2674_RC03/embed_loader.js""></script>
<script type=""text/javascript""> trends.embed.renderExploreWidget(""TIMESERIES"", { ""comparisonItem"": [{ ""keyword"": ""Melbourne Aquarium"", ""geo"": ""AU"", ""time"": ""today 1-m"" }], ""category"": 0, ""property"": """" }, { ""exploreQuery"": ""date=today%201-m&geo=AU&q=Melbourne%20Aquarium"", ""guestPath"": ""https://trends.google.com:443/trends/embed/"" }); </script>"
108,108,Leisure/Recreation,Major Sports & Recreation Facility,Westpac Centre,144.979720306309,-37.8242456858593,69.872,74.623,73.707,26.423,36.841,40.775,52.17,58.929,51.987,55.396,54.59,49.506,"<script type=""text/javascript"" src=""https://ssl.gstatic.com/trends_nrtr/2674_RC03/embed_loader.js""></script>
<script type=""text/javascript""> trends.embed.renderExploreWidget(""TIMESERIES"", { ""comparisonItem"": [{ ""keyword"": ""Westpac Centre"", ""geo"": ""AU"", ""time"": ""today 1-m"" }], ""category"": 0, ""property"": """" }, { ""exploreQuery"": ""date=today%201-m&geo=AU&q=Westpac%20Centre"", ""guestPath"": ""https://trends.google.com:443/trends/embed/"" }); </script>"
109,109,Place Of Assembly,Art Gallery/Museum,Royal Exhibition Building,144.971521914952,-37.80460262432,45.145,57.545,87.057,75.733,87.211,57.918,61.888,89.374,76.293,79.0,60.497,46.793,"<script type=""text/javascript"" src=""https://ssl.gstatic.com/trends_nrtr/2674_RC03/embed_loader.js""></script>
<script type=""text/javascript""> trends.embed.renderExploreWidget(""TIMESERIES"", { ""comparisonItem"": [{ ""keyword"": ""Royal Exhibition Building"", ""geo"": ""AU"", ""time"": ""today 1-m"" }], ""category"": 0, ""property"": """" }, { ""exploreQuery"": ""date=today%201-m&geo=AU&q=Royal%20Exhibition%20Building"", ""guestPath"": ""https://trends.google.com:443/trends/embed/"" }); </script>"
110,110,Leisure/Recreation,Major Sports & Recreation Facility,Etihad Stadium,144.947496254547,-37.8161760471742,294.553,347.555,340.122,308.807,378.075,331.181,373.631,372.532,317.437,363.819,317.368,267.498,"<script type=""text/javascript"" src=""https://ssl.gstatic.com/trends_nrtr/2674_RC03/embed_loader.js""></script>
<script type=""text/javascript""> trends.embed.renderExploreWidget(""TIMESERIES"", { ""comparisonItem"": [{ ""keyword"": ""Etihad Stadium"", ""geo"": ""AU"", ""time"": ""today 1-m"" }], ""category"": 0, ""property"": """" }, { ""exploreQuery"": ""date=today%201-m&geo=AU&q=Etihad%20Stadium"", ""guestPath"": ""https://trends.google.com:443/trends/embed/"" }); </script>"
111,111,Observation Tower/Wheel,Observation Tower/Wheel,Eureka Skydeck 88,144.964622218598,-37.8216187583314,877.39,734.848,849.66,1002.19,763.085,748.099,854.837,822.982,777.769,827.088,800.039,795.922,"<script type=""text/javascript"" src=""https://ssl.gstatic.com/trends_nrtr/2674_RC03/embed_loader.js""></script>
<script type=""text/javascript""> trends.embed.renderExploreWidget(""TIMESERIES"", { ""comparisonItem"": [{ ""keyword"": ""Eureka Skydeck 88"", ""geo"": ""AU"", ""time"": ""today 1-m"" }], ""category"": 0, ""property"": """" }, { ""exploreQuery"": ""date=today%201-m&geo=AU&q=Eureka%20Skydeck%2088"", ""guestPath"": ""https://trends.google.com:443/trends/embed/"" }); </script>"
112,112,Visitor Centre,Visitor Centre,Melbourne Visitor Centre,144.967937138226,-37.8177352402006,673.26,798.091,713.428,0.0,171.783,447.371,540.976,680.189,486.465,344.037,363.887,313.734,"<script type=""text/javascript"" src=""https://ssl.gstatic.com/trends_nrtr/2674_RC03/embed_loader.js""></script>
<script type=""text/javascript""> trends.embed.renderExploreWidget(""TIMESERIES"", { ""comparisonItem"": [{ ""keyword"": ""Melbourne Visitor Centre"", ""geo"": ""AU"", ""time"": ""today 1-m"" }], ""category"": 0, ""property"": """" }, { ""exploreQuery"": ""date=today%201-m&geo=AU&q=Melbourne%20Visitor%20Centre"", ""guestPath"": ""https://trends.google.com:443/trends/embed/"" }); </script>"
113,113,Place Of Assembly,Art Gallery/Museum,Australian Centre For The Moving Image (ACMI),144.969070431323,-37.8176107327202,648.645,768.913,687.345,0.0,124.415,357.658,437.171,542.526,408.177,331.459,350.583,302.264,"<script type=""text/javascript"" src=""https://ssl.gstatic.com/trends_nrtr/2674_RC03/embed_loader.js""></script>
<script type=""text/javascript""> trends.embed.renderExploreWidget(""TIMESERIES"", { ""comparisonItem"": [{ ""keyword"": ""Australian Centre For The Moving Image (ACMI)"", ""geo"": ""AU"", ""time"": ""today 1-m"" }], ""category"": 0, ""property"": """" }, { ""exploreQuery"": ""date=today%201-m&geo=AU&q=Australian%20Centre%20For%20The%20Moving%20Image%20"", ""guestPath"": ""https://trends.google.com:443/trends/embed/"" }); </script>"
114,114,Place Of Assembly,Function/Conference/Exhibition Centre,Dallas Brooks Centre,144.981383411592,-37.8097374138234,92.783,106.542,112.429,97.782,116.888,97.551,111.888,114.504,104.313,91.826,104.026,92.079,"<script type=""text/javascript"" src=""https://ssl.gstatic.com/trends_nrtr/2674_RC03/embed_loader.js""></script>
<script type=""text/javascript""> trends.embed.renderExploreWidget(""TIMESERIES"", { ""comparisonItem"": [{ ""keyword"": ""Dallas Brooks Centre"", ""geo"": ""AU"", ""time"": ""today 1-m"" }], ""category"": 0, ""property"": """" }, { ""exploreQuery"": ""date=today%201-m&geo=AU&q=Dallas%20Brooks%20Centre"", ""guestPath"": ""https://trends.google.com:443/trends/embed/"" }); </script>"
115,115,Place Of Assembly,Art Gallery/Museum,The Museum Of Australian Chinese History,144.96923385414,-37.8107686127655,280.411,305.966,345.981,344.031,389.365,333.895,350.908,390.565,351.586,381.869,335.471,314.82,"<script type=""text/javascript"" src=""https://ssl.gstatic.com/trends_nrtr/2674_RC03/embed_loader.js""></script>
<script type=""text/javascript""> trends.embed.renderExploreWidget(""TIMESERIES"", { ""comparisonItem"": [{ ""keyword"": ""The Museum Of Australian Chinese History"", ""geo"": ""AU"", ""time"": ""today 1-m"" }], ""category"": 0, ""property"": """" }, { ""exploreQuery"": ""date=today%201-m&geo=AU&q=The%20Museum%20Of%20Australian%20Chinese%20History"", ""guestPath"": ""https://trends.google.com:443/trends/embed/"" }); </script>"
